size_class,address,symbol,source,total_bytes,conditional_control_transfers
small,0x0027DCE0,_ZN14PlayerProperty11setFrontVecERKN4sead7Vector3IfEE,Game/backup/src/Player/PlayerProperty.cpp,20,0
small,0x0027DCC4,_ZN14PlayerProperty8setUpVecERKN4sead7Vector3IfEE,Game/backup/src/Player/PlayerProperty.cpp,20,0
small,0x00262BA4,_ZN2al16isCollidedGroundEPKNS_9LiveActorE,lib/al/src/Collision/alCollisionUtil.cpp,36,0
small,0x001C5D10,_ZN2al13KeyPoseKeeperC1Ev,lib/al/src/KeyPose/alKeyPoseKeeper.cpp,36,0
small,0x00292308,_ZN2al13isEqualStringEPKcS1_,lib/al/src/Util/alStringUtil.cpp,56,3
small,0x0026D698,_ZN2al10isNearZeroEff,lib/al/src/Math/alMathUtil.cpp,40,0
small,0x00269790,_ZN2al7lerpVecEPN4sead7Vector3IfEERKS2_S5_f,lib/al/src/Math/alVectorUtil.cpp,64,0
small,0x001C70FC,_ZN2al13LiveActorFlagC1Ev,lib/al/src/LiveActor/alLiveActorFlag.cpp,48,0
small,0x002711E0,_ZN2al17CameraParamVisionC1Ev,lib/al/src/Camera/alCameraParamVision.cpp,48,0
small,0x00187970,_ZN2al18CameraRotatorParamC1Ev,lib/al/src/Camera/alCameraRotatorParam.cpp,16,0
small,0x001B657C,_ZN2al25CameraDashAngleTunerParamC1Ev,lib/al/src/Camera/alCameraDashAngleTunerParam.cpp,24,0
small,0x001DCD78,_ZN2al19StageSwitchAccesserC1Ev,lib/al/src/Stage/alStageSwitchAccesser.cpp,16,0
small,0x00250EB4,_ZNK2al19StageSwitchAccesser16isTypeKillDeadOnEv,lib/al/src/Stage/alStageSwitchAccesser.cpp,24,0
small,0x001DCD20,_ZN2al19StageResourceKeeperC1Ev,lib/al/src/Stage/alStageResourceKeeper.cpp,12,0
small,0x0028C2F8,_ZN2al9ByamlIterC1ERKS0_,lib/al/src/Yaml/alByamlIter.cpp,20,0
small,0x002910E8,_ZN2al9ByamlIterC1Ev,lib/al/src/Yaml/alByamlIter.cpp,16,0
small,0x00276AA0,_ZNK2al9ByamlIter7isValidEv,lib/al/src/Yaml/alByamlIter.cpp,16,0
small,0x0024C85C,_ZNK2al9ByamlIter11isTypeArrayEv,lib/al/src/Yaml/alByamlIter.cpp,36,2
small,0x0024FE70,_ZNK2al9ByamlIter15isTypeContainerEv,lib/al/src/Yaml/alByamlIter.cpp,40,2
small,0x002910F8,_ZNK2al9ByamlIter7getSizeEv,lib/al/src/Yaml/alByamlIter.cpp,44,2
medium,0x00331350,_ZNK2al13ByamlHashIter8findPairEi,lib/al/src/Yaml/alByamlHashIter.cpp,116,4
medium,0x0028B518,_ZNK2al20ByamlStringTableIter15findStringIndexEPKc,lib/al/src/Yaml/alByamlStringTableIter.cpp,108,3
medium,0x001DCD2C,_ZN2al19StageSwitchAccesser21initWithPlacementInfoENS_15StageSwitchTypeERKNS_9ByamlIterES1_,lib/al/src/Stage/alStageSwitchAccesser.cpp,76,0
medium,0x001EBB24,_ZN2al9HitSensor8validateEv,lib/al/src/HitSensor/alHitSensor.cpp,76,3
medium,0x001EB960,_ZN2al9HitSensor10invalidateEv,lib/al/src/HitSensor/alHitSensor.cpp,68,2
medium,0x001EB9FC,_ZN2al9HitSensor16validateBySystemEv,lib/al/src/HitSensor/alHitSensor.cpp,76,3
medium,0x001EBA48,_ZN2al9HitSensor18invalidateBySystemEv,lib/al/src/HitSensor/alHitSensor.cpp,68,2
medium,0x001CB508,_ZN2al14SceneObjHolder6createEi,lib/al/src/Scene/alSceneObjHolder.cpp,72,1
medium,0x001CB4B8,_ZN2al14SceneObjHolder26initAfterPlacementSceneObjERKNS_13ActorInitInfoE,lib/al/src/Scene/alSceneObjHolder.cpp,80,3
medium,0x0025065C,_ZN2al11NerveKeeper6updateEv,lib/al/src/Nerve/alNerveKeeper.cpp,160,4
medium,0x00250610,_ZN2al11NerveKeeperC1EPNS_9IUseNerveEPKNS_5NerveEi,lib/al/src/Nerve/alNerveKeeper.cpp,76,2
medium,0x001BEE64,_ZN2al11NerveKeeper8setNerveEPKNS_5NerveE,lib/al/src/Nerve/alNerveKeeper.cpp,68,2
medium,0x001CABD8,_ZN2al14NerveStateCtrl10startStateEPKNS_5NerveE,lib/al/src/Nerve/alNerveStateCtrl.cpp,100,4
medium,0x001CAD2C,_ZN2al14NerveStateCtrlC1Ei,lib/al/src/Nerve/alNerveStateCtrl.cpp,104,2
medium,0x001E2130,_ZN2al22ExecuteTableHolderDrawC1Ev,lib/al/src/Execute/alExecuteTableHolderDraw.cpp,88,0
medium,0x001E3B64,_ZN2al24ExecuteTableHolderUpdateC1Ev,lib/al/src/Execute/alExecuteTableHolderUpdate.cpp,76,0
medium,0x0018D3A0,_ZN19GhostPlayerRecorder6createEi,Game/backup/src/Player/GhostPlayerRecorder.cpp,96,2
medium,0x00252008,_ZN26PlayerActionMultiCondition6appendEP21PlayerActionCondition,Game/backup/src/Player/PlayerActionMultiCondition.cpp,76,1
medium,0x001B8BD8,_ZN26PlayerActionMultiCondition5setupEv,Game/backup/src/Player/PlayerActionMultiCondition.cpp,72,1
medium,0x00314DCC,_ZN8FireBall10receiveMsgEjPN2al9HitSensorES2_,Game/backup/src/Enemy/FireBall.cpp,116,4
large_or_branch_heavy,0x0011A498,_ZN10Fugumannen4initERKN2al13ActorInitInfoE,Game/backup/src/Enemy/Fugumannen.cpp,284,2
large_or_branch_heavy,0x0024F344,_ZN2al12MemorySystem23createSceneResourceHeapEPKc,lib/al/src/Memory/alMemorySystem.cpp,320,4
large_or_branch_heavy,0x00274EF0,_ZN2al16initPlacementMapEPNS_5SceneEPKNS_8ResourceERKNS_13ActorInitInfoEPKc,lib/al/src/Scene/alSceneFunction.cpp,344,8
large_or_branch_heavy,0x001D1F90,_ZN2al17HitSensorDirectorC1Ev,lib/al/src/LiveActor/alHitSensorDirector.cpp,364,6
large_or_branch_heavy,0x0016A11C,_ZN10CourseList4initEPKN2al8ResourceE,Game/backup/src/System/CourseList.cpp,408,11
large_or_branch_heavy,0x0030B60C,_ZN6Togezo4initERKN2al13ActorInitInfoE,Game/backup/src/Enemy/Togezo.cpp,456,3
large_or_branch_heavy,0x001CCA94,_ZN2al15ExecuteDirector4initEv,lib/al/src/Execute/alExecuteDirector.cpp,684,5
large_or_branch_heavy,0x00325B44,_ZN10CourseList5WorldC1EPKN2al9ByamlIterE,Game/backup/src/System/CourseList.cpp,700,16
large_or_branch_heavy,0x001B9DCC,_ZN28PlayerActionConditionAnimEnd5checkEv,Game/backup/src/Player/PlayerActionConditionAnimEnd.cpp,236,8
large_or_branch_heavy,0x00330868,_ZNK2al13AreaShapeCube10isInVolumeERKN4sead7Vector3IfEE,lib/al/src/AreaObj/alAreaShapeCube.cpp,180,6
