size_class,address,symbol,outcome,attempts,minutes,compile_check_seconds,total_bytes
small,0x0027DCE0,_ZN14PlayerProperty11setFrontVecERKN4sead7Vector3IfEE,matched,1,0.009,0.531,20
small,0x0027DCC4,_ZN14PlayerProperty8setUpVecERKN4sead7Vector3IfEE,matched,1,0.009,0.559,20
small,0x00262BA4,_ZN2al16isCollidedGroundEPKNS_9LiveActorE,matched,1,0.009,0.527,36
small,0x001C5D10,_ZN2al13KeyPoseKeeperC1Ev,matched,1,0.009,0.553,36
small,0x00292308,_ZN2al13isEqualStringEPKcS1_,matched,1,0.010,0.613,56
small,0x0026D698,_ZN2al10isNearZeroEff,matched,3,9.574,1.518,40
small,0x00269790,_ZN2al7lerpVecEPN4sead7Vector3IfEERKS2_S5_f,matched,1,0.009,0.517,64
small,0x001C70FC,_ZN2al13LiveActorFlagC1Ev,matched,1,0.009,0.514,48
small,0x002711E0,_ZN2al17CameraParamVisionC1Ev,matched,1,0.009,0.528,48
small,0x00187970,_ZN2al18CameraRotatorParamC1Ev,matched,1,0.009,0.517,16
small,0x001B657C,_ZN2al25CameraDashAngleTunerParamC1Ev,matched,1,0.009,0.520,24
small,0x001DCD78,_ZN2al19StageSwitchAccesserC1Ev,matched,1,0.009,0.526,16
small,0x00250EB4,_ZNK2al19StageSwitchAccesser16isTypeKillDeadOnEv,matched,1,0.009,0.531,24
small,0x001DCD20,_ZN2al19StageResourceKeeperC1Ev,matched,1,0.008,0.504,12
small,0x0028C2F8,_ZN2al9ByamlIterC1ERKS0_,matched,1,0.010,0.571,20
small,0x002910E8,_ZN2al9ByamlIterC1Ev,matched,1,0.009,0.557,16
small,0x00276AA0,_ZNK2al9ByamlIter7isValidEv,matched,1,0.009,0.562,16
small,0x0024C85C,_ZNK2al9ByamlIter11isTypeArrayEv,matched,1,0.009,0.562,36
small,0x0024FE70,_ZNK2al9ByamlIter15isTypeContainerEv,matched,1,0.009,0.557,40
small,0x002910F8,_ZNK2al9ByamlIter7getSizeEv,matched,1,0.009,0.562,44
medium,0x00331350,_ZNK2al13ByamlHashIter8findPairEi,nonmatching,8,66.303,3.256,116
medium,0x0028B518,_ZNK2al20ByamlStringTableIter15findStringIndexEPKc,matched,1,0.009,0.547,108
medium,0x001DCD2C,_ZN2al19StageSwitchAccesser21initWithPlacementInfoENS_15StageSwitchTypeERKNS_9ByamlIterES1_,matched,1,0.009,0.540,76
medium,0x001EBB24,_ZN2al9HitSensor8validateEv,matched,2,15.063,0.968,76
medium,0x001EB960,_ZN2al9HitSensor10invalidateEv,matched,2,15.073,0.951,68
medium,0x001EB9FC,_ZN2al9HitSensor16validateBySystemEv,matched,2,15.067,0.950,76
medium,0x001EBA48,_ZN2al9HitSensor18invalidateBySystemEv,matched,2,15.077,0.928,68
medium,0x001CB508,_ZN2al14SceneObjHolder6createEi,matched,1,0.009,0.549,72
medium,0x001CB4B8,_ZN2al14SceneObjHolder26initAfterPlacementSceneObjERKNS_13ActorInitInfoE,matched,1,0.009,0.551,80
medium,0x0025065C,_ZN2al11NerveKeeper6updateEv,matched,2,6.597,1.102,160
medium,0x00250610,_ZN2al11NerveKeeperC1EPNS_9IUseNerveEPKNS_5NerveEi,matched,2,15.053,0.968,76
medium,0x001BEE64,_ZN2al11NerveKeeper8setNerveEPKNS_5NerveE,matched,1,0.009,0.542,68
medium,0x001CABD8,_ZN2al14NerveStateCtrl10startStateEPKNS_5NerveE,matched,1,0.009,0.557,100
medium,0x001CAD2C,_ZN2al14NerveStateCtrlC1Ei,matched,2,15.030,0.981,104
medium,0x001E2130,_ZN2al22ExecuteTableHolderDrawC1Ev,matched,1,0.009,0.511,88
medium,0x001E3B64,_ZN2al24ExecuteTableHolderUpdateC1Ev,matched,1,0.008,0.501,76
medium,0x0018D3A0,_ZN19GhostPlayerRecorder6createEi,matched,3,16.846,1.375,96
medium,0x00252008,_ZN26PlayerActionMultiCondition6appendEP21PlayerActionCondition,matched,4,31.364,2.694,76
medium,0x001B8BD8,_ZN26PlayerActionMultiCondition5setupEv,matched,5,78.780,1.864,72
medium,0x00314DCC,_ZN8FireBall10receiveMsgEjPN2al9HitSensorES2_,matched,1,0.010,0.599,116
large_or_branch_heavy,0x0011A498,_ZN10Fugumannen4initERKN2al13ActorInitInfoE,abandoned,1,66.137,0.506,284
large_or_branch_heavy,0x0024F344,_ZN2al12MemorySystem23createSceneResourceHeapEPKc,abandoned,1,66.120,0.439,320
large_or_branch_heavy,0x00274EF0,_ZN2al16initPlacementMapEPNS_5SceneEPKNS_8ResourceERKNS_13ActorInitInfoEPKc,abandoned,1,66.120,0.458,344
large_or_branch_heavy,0x001D1F90,_ZN2al17HitSensorDirectorC1Ev,abandoned,1,66.103,0.413,364
large_or_branch_heavy,0x0016A11C,_ZN10CourseList4initEPKN2al8ResourceE,abandoned,1,66.103,0.462,408
large_or_branch_heavy,0x0030B60C,_ZN6Togezo4initERKN2al13ActorInitInfoE,abandoned,1,66.087,0.530,456
large_or_branch_heavy,0x001CCA94,_ZN2al15ExecuteDirector4initEv,abandoned,1,66.087,0.581,684
large_or_branch_heavy,0x00325B44,_ZN10CourseList5WorldC1EPKN2al9ByamlIterE,abandoned,1,66.070,0.474,700
large_or_branch_heavy,0x001B9DCC,_ZN28PlayerActionConditionAnimEnd5checkEv,matched,4,26.295,2.023,236
large_or_branch_heavy,0x00330868,_ZNK2al13AreaShapeCube10isInVolumeERKN4sead7Vector3IfEE,abandoned,1,66.053,0.418,180
