object,allocation_call,size,kind,first_constructor_call,root_field_writes
allocation000,0x001a9778,0x24,object,inlined,0x0=player[0x00];0x4=player[0x1c];0x8=player[0x60];0xc=player[0x24];0x10=player[0x14];0x14=player[0x0c];0x18=player[0x10];0x1c=player[0x58];0x20=player[0x78]
allocation001,0x001a986c,0x28,object,0x00171a78,
node00,0x001a98b4,0x14,object,0x0025213c,
allocation003,0x001a9910,0x44,object,0x001a46c8,
node01,0x001a9978,0x14,object,0x0025213c,
allocation005,0x001a99dc,0xc,object,0x00174c18,
node02,0x001a9a14,0x14,object,0x0025213c,
allocation007,0x001a9a54,0x20,object,0x001818fc,
node03,0x001a9a8c,0x14,object,0x0025213c,
allocation009,0x001a9ac0,0x70,object,0x00173b5c,
node04,0x001a9b28,0x14,object,0x0025213c,
allocation011,0x001a9b5c,0x58,object,0x00171d64,
node05,0x001a9b94,0x14,object,0x0025213c,
allocation013,0x001a9bc8,0x30,object,0x00175344,
node06,0x001a9c20,0x14,object,0x0025213c,
allocation015,0x001a9c54,0x64,object,0x00197ef0,
node07,0x001a9cbc,0x14,object,0x0025213c,
allocation017,0x001a9cf0,0x5c,object,0x00197c64,
node08,0x001a9d2c,0x14,object,0x0025213c,
allocation019,0x001a9d60,0x10,object,0x00252124,
node09,0x001a9d98,0x14,object,0x0025213c,
allocation021,0x001a9dcc,0x10,object,0x00252124,
node10,0x001a9e04,0x14,object,0x0025213c,
allocation023,0x001a9e38,0x10,object,0x00252124,
node11,0x001a9e70,0x14,object,0x0025213c,
allocation025,0x001a9ea4,0x34,object,0x0019e5d4,
node12,0x001a9ee0,0x14,object,0x0025213c,
allocation027,0x001a9f14,0x64,object,0x0019dc48,
node13,0x001a9f78,0x14,object,0x0025213c,
allocation029,0x001a9fac,0x10,object,0x00196eb4,
node14,0x001a9fe0,0x14,object,0x0025213c,
allocation031,0x001aa014,0x58,object,0x00196300,
node15,0x001aa04c,0x14,object,0x0025213c,
allocation033,0x001aa080,0x5c,object,0x001963dc,
node16,0x001aa0bc,0x14,object,0x0025213c,
allocation035,0x001aa0f0,0x5c,object,0x001b8b38,
node17,0x001aa12c,0x14,object,0x0025213c,
allocation037,0x001aa160,0x30,object,0x0018eba4,0x1c=player[0xb4]
node18,0x001aa1a8,0x14,object,0x0025213c,
allocation039,0x001aa1e8,0x18,object,0x00181420,
node19,0x001aa224,0x14,object,0x0025213c,
allocation041,0x001aa258,0x20,object,0x0018a390,
node20,0x001aa2a8,0x14,object,0x0025213c,
allocation043,0x001aa2dc,0x24,object,0x0019d950,
node21,0x001aa33c,0x14,object,0x0025213c,
allocation045,0x001aa37c,0x28,object,0x001b7200,
node22,0x001aa3e0,0x14,object,0x0025213c,
allocation047,0x001aa414,0xc,object,0x00196838,
allocation048,0x001aa42c,0x4,object,inlined,0x0=0x003cd31c
node23,0x001aa498,0x14,object,0x0025213c,
allocation050,0x001aa4cc,0xc,object,0x00196838,
allocation051,0x001aa4e4,0x4,object,inlined,0x0=0x003ce884
node24,0x001aa550,0x14,object,0x0025213c,
allocation053,0x001aa584,0x8,object,0x00197b90,
node25,0x001aa5b8,0x14,object,0x0025213c,
allocation055,0x001aa5ec,0xc,object,0x0018128c,
node26,0x001aa624,0x14,object,0x0025213c,
allocation057,0x001aa658,0x38,object,0x002520d4,
allocation058,0x001aa670,0x4,object,inlined,0x0=0x003ccc68
node27,0x001aa6fc,0x14,object,0x0025213c,
allocation060,0x001aa730,0x38,object,0x002520d4,
allocation061,0x001aa748,0x4,object,inlined,0x0=0x003ce240
node28,0x001aa7d4,0x14,object,0x0025213c,
allocation063,0x001aa808,0x38,object,0x002520d4,
allocation064,0x001aa820,0x4,object,inlined,0x0=0x003cbad4
node29,0x001aa8ac,0x14,object,0x0025213c,
allocation066,0x001aa8e0,0x38,object,0x002520d4,
allocation067,0x001aa8f8,0x4,object,inlined,0x0=0x003d11c4
node30,0x001aa984,0x14,object,0x0025213c,
allocation069,0x001aa9b8,0x38,object,0x002520d4,
allocation070,0x001aa9d0,0x4,object,inlined,0x0=0x003d14cc
node31,0x001aaa5c,0x14,object,0x0025213c,
allocation072,0x001aaa90,0x38,object,0x002520d4,
allocation073,0x001aaaa8,0x4,object,inlined,0x0=0x003d119c
node32,0x001aab34,0x14,object,0x0025213c,
allocation075,0x001aab68,0x20,object,0x00252094,
allocation076,0x001aab80,0x4,object,inlined,0x0=0x003d0718
node33,0x001aac00,0x14,object,0x0025213c,
allocation078,0x001aac34,0x20,object,0x00252094,
allocation079,0x001aac4c,0x4,object,inlined,0x0=0x003d0ba0
node34,0x001aaccc,0x14,object,0x0025213c,
allocation081,0x001aad00,0x20,object,0x00252094,
allocation082,0x001aad18,0x4,object,inlined,0x0=0x003d0344
node35,0x001aad98,0x14,object,0x0025213c,
allocation084,0x001aadcc,0x20,object,0x00252094,
allocation085,0x001aade4,0x4,object,inlined,0x0=0x003d1924
node36,0x001aae64,0x14,object,0x0025213c,
allocation087,0x001aae98,0x20,object,0x00252094,
allocation088,0x001aaeb0,0x4,object,inlined,0x0=0x003d1b64
node37,0x001aaf30,0x14,object,0x0025213c,
allocation090,0x001aaf64,0x14,object,0x0018f0f4,
node38,0x001aaf9c,0x14,object,0x0025213c,
allocation092,0x001aafd0,0x60,object,0x001a7fd4,
node39,0x001ab00c,0x14,object,0x0025213c,
allocation094,0x001ab040,0x14,object,0x00173f0c,
node40,0x001ab074,0x14,object,0x0025213c,
allocation096,0x001ab0a8,0x1c,object,0x0019dd70,
node41,0x001ab0e4,0x14,object,0x0025213c,
allocation098,0x001ab118,0x8,object,0x001749c8,
node42,0x001ab14c,0x14,object,0x0025213c,
allocation100,0x001ab180,0x34,object,0x0019efb4,
node43,0x001ab1d0,0x14,object,0x0025213c,
allocation102,0x001ab204,0xc,object,0x00174840,
node44,0x001ab238,0x14,object,0x0025213c,
node45,0x001ab274,0x14,object,0x0025213c,
node46,0x001ab2ac,0x14,object,0x0025213c,
allocation106,0x001ab2e4,0xc4,object,0x002d232c,
node47,0x001ab37c,0x14,object,0x0025213c,
allocation108,0x001ab3b0,0x1c,object,0x001ba530,
node48,0x001ab3f8,0x14,object,0x0025213c,
allocation110,0x001ab42c,0x28,object,0x001972ec,0x20=player[0xb4]
node49,0x001ab464,0x14,object,0x0025213c,
allocation112,0x001ab4a4,0x10,object,0x00171cdc,
node50,0x001ab4d8,0x14,object,0x0025213c,
allocation114,0x001ab50c,0x14,object,0x001a725c,
node51,0x001ab540,0x14,object,0x0025213c,
allocation116,0x001ab574,0x20,object,0x0019f5a4,
node52,0x001ab5b8,0x14,object,0x0025213c,
allocation118,0x001ab5ec,0x58,object,0x001974c0,
node53,0x001ab624,0x14,object,0x0025213c,
allocation120,0x001ab658,0x8,object,0x001a4948,
node54,0x001ab68c,0x14,object,0x0025213c,
allocation122,0x001ab6c0,0x60,object,0x001b9048,
node55,0x001ab6fc,0x14,object,0x0025213c,
allocation124,0x001ab730,0x70,object,0x001bae88,
node56,0x001ab798,0x14,object,0x0025213c,
allocation126,0x001ab7cc,0x7c,object,0x001b79ac,
node57,0x001ab818,0x14,object,0x0025213c,
allocation128,0x001ab870,0x38,object,0x001a79bc,0x1c=player[0xb4]
node58,0x001ab8c4,0x14,object,0x0025213c,
allocation130,0x001ab904,0x8,object,0x001a73b4,
node59,0x001ab938,0x14,object,0x0025213c,
allocation132,0x001ab96c,0x8,object,0x002d3c68,
allocation133,0x001ab9a0,0x8,object,0x00252080,
allocation134,0x001ab9d4,0x8,object,inlined,0x0=0x003d1348;0x4=player[0x14]
allocation135,0x001aba28,0x8,object,0x00252080,
allocation136,0x001aba5c,0x8,object,inlined,0x0=0x003d1754;0x4=player[0x14]
allocation137,0x001abab0,0x8,object,0x00252080,
allocation138,0x001abae4,0x8,object,0x001b7290,
allocation139,0x001abb18,0x8,object,inlined,0x0=0x003d1300;0x4=player[0x00]
allocation140,0x001abb6c,0x14,object,0x00252054,
allocation141,0x001abbb4,0x8,object,0x001b9f9c,
allocation142,0x001abbe8,0x14,object,0x00252054,
allocation143,0x001abc30,0x8,object,inlined,0x0=0x003d1984;0x4=player[0x0c]
allocation144,0x001abc84,0x8,object,0x002d2ac0,
allocation145,0x001abcb8,0x8,object,0x00252080,
allocation146,0x001abcec,0x8,object,0x002d27f8,
allocation147,0x001abd20,0x8,object,0x00252080,
allocation148,0x001abd54,0x8,object,0x00252080,
allocation149,0x001abd88,0x8,object,0x002d281c,
allocation150,0x001abdbc,0x14,object,0x00252054,
allocation151,0x001abe04,0x8,object,0x002d2c08,
allocation152,0x001abe38,0x8,object,0x00252080,
allocation153,0x001abe6c,0xc,object,0x001bac1c,
allocation154,0x001abea4,0xc,object,0x00251fec,
allocation155,0x001abf00,0xc,object,0x00251fec,
allocation156,0x001abf5c,0xc,object,0x00251fec,
allocation157,0x001abfb8,0x14,object,0x00251fc0,
allocation158,0x001ac00c,0x8,object,0x00252080,
allocation159,0x001ac040,0x8,object,0x00252080,
allocation160,0x001ac074,0x10,object,0x002d59e0,
allocation161,0x001ac0d0,0xc,object,0x002d5ac0,
allocation162,0x001ac108,0x8,object,0x002d3fac,
allocation163,0x001ac13c,0x10,object,0x002d3b24,
allocation164,0x001ac198,0x14,object,0x00252054,
allocation165,0x001ac1e0,0xc,object,0x002d26e8,
allocation166,0x001ac238,0x18,object,0x002d301c,
allocation167,0x001ac2ac,0x14,object,0x00252054,
allocation168,0x001ac2f4,0x8,object,0x002d3150,
allocation169,0x001ac328,0x8,object,0x00252080,
allocation170,0x001ac35c,0x10,object,0x00251f54,
allocation171,0x001ac3b4,0xc,object,0x001b99c4,
allocation172,0x001ac3e8,0x14,object,0x00251fc0,
allocation173,0x001ac430,0x8,object,0x00252080,
allocation174,0x001ac464,0x14,object,0x00252054,
allocation175,0x001ac4ac,0x14,object,0x00252054,
allocation176,0x001ac4f4,0x14,object,0x00252054,
allocation177,0x001ac53c,0x8,object,0x001a9560,
allocation178,0x001ac570,0x14,object,0x00252054,
allocation179,0x001ac5a0,0x8,object,0x002d365c,
allocation180,0x001ac5ec,0x14,object,0x00252054,
allocation181,0x001ac634,0x14,object,0x00252054,
allocation182,0x001ac688,0x14,object,0x00252054,
allocation183,0x001ac6d0,0x14,object,0x00252054,
allocation184,0x001ac718,0x14,object,0x00252054,
allocation185,0x001ac760,0x14,object,0x00252054,
allocation186,0x001ac7a8,0xc,object,0x002d50cc,
allocation187,0x001ac7e0,0x10,object,0x002d2cc8,
allocation188,0x001ac81c,0x10,object,0x002d34c8,
allocation189,0x001ac858,0x10,object,0x002d30e4,
allocation190,0x001ac894,0x8,object,0x00251f40,
allocation191,0x001ac8e8,0x14,object,0x00252054,
allocation192,0x001ac93c,0x8,object,0x00251f2c,
allocation193,0x001ac990,0x14,object,0x00252054,
allocation194,0x001ac9d8,0x14,object,0x00252054,
allocation195,0x001aca20,0x8,object,0x002d3cc4,
allocation196,0x001aca54,0x14,object,0x002d2a20,
allocation197,0x001aca8c,0xc,object,0x002d36b4,
allocation198,0x001acac4,0xc,object,0x001bad78,
allocation199,0x001acafc,0xc,object,0x002d2b14,
allocation200,0x001acb34,0xc,object,0x002d2b14,
allocation201,0x001acb8c,0x10,object,0x00251f14,
allocation202,0x001acbc8,0x10,object,0x00251f14,
allocation203,0x001acc04,0x10,object,0x00251f14,
allocation204,0x001acc40,0x14,object,0x002d40e4,
allocation205,0x001acc9c,0x8,object,0x002d2c2c,
allocation206,0x001accf0,0x8,object,0x00251f2c,
allocation207,0x001acd44,0x8,object,0x001baba4,
allocation208,0x001acd78,0x8,object,0x002d1e14,
allocation209,0x001acdac,0x8,object,0x002d36e0,
allocation210,0x001acde0,0x8,object,0x002d50f4,
allocation211,0x001ace14,0x14,object,0x002d3f74,
allocation212,0x001ace70,0x8,object,0x00251f2c,
allocation213,0x001acec4,0x14,object,0x002d5220,
allocation214,0x001acf08,0x14,object,0x00252054,
allocation215,0x001acf5c,0x14,object,0x00252054,
allocation216,0x001acfa4,0xc,object,0x00251efc,
allocation217,0x001acffc,0x10,object,0x00251ee4,
allocation218,0x001ad058,0x14,object,0x00251ebc,
allocation219,0x001ad0bc,0xc,object,0x00251efc,
allocation220,0x001ad114,0x10,object,0x00251ee4,
allocation221,0x001ad170,0x14,object,0x00251ebc,
allocation222,0x001ad1d4,0xc,object,0x00251efc,
allocation223,0x001ad22c,0x10,object,0x00251ee4,
allocation224,0x001ad288,0x14,object,0x00251ebc,
allocation225,0x001ad2ec,0x14,object,0x00251ebc,
allocation226,0x001ad350,0xc,object,0x00251efc,
allocation227,0x001ad3a8,0x10,object,0x00251ee4,
allocation228,0x001ad404,0x14,object,0x00251ebc,
allocation229,0x001ad468,0xc,object,0x00251efc,
allocation230,0x001ad4c0,0x10,object,0x00251ee4,
allocation231,0x001ad51c,0x14,object,0x00251ebc,
allocation232,0x001ad580,0xc,object,0x00251efc,
allocation233,0x001ad5d8,0x10,object,0x00251ee4,
allocation234,0x001ad634,0x8,object,inlined,0x0=0x003d1a2c;0x4=player[0x20]
allocation235,0x001ad688,0xc,object,0x001b9fc8,
allocation236,0x001ad6c0,0x10,object,0x002d2d34,
allocation237,0x001ad6fc,0x10,object,0x00251ea0,
allocation238,0x001ad738,0x10,object,0x002d3c40,
allocation239,0x001ad794,0x8,object,0x00251f40,
allocation240,0x001ad7e8,0x14,object,0x00252054,
allocation241,0x001ad830,0x14,object,0x00252054,
allocation242,0x001ad878,0x14,object,0x00252054,
allocation243,0x001ad8a8,0xc,object,0x002d3734,
allocation244,0x001ad8f8,0x14,object,0x00252054,
allocation245,0x001ad928,0x10,object,0x002d2a84,
allocation246,0x001ad99c,0xc,object,0x002d2bdc,
allocation247,0x001ad9d4,0x8,object,0x002d3b94,
allocation248,0x001ada08,0x8,object,0x00251f2c,
allocation249,0x001ada5c,0x14,object,0x00252054,
allocation250,0x001adaa4,0x8,object,0x002d1f84,
allocation251,0x001adad8,0x8,object,0x002d375c,
allocation252,0x001adb0c,0x8,object,0x002d3d4c,
allocation253,0x001adb40,0x8,object,0x00252080,
allocation254,0x001adb74,0xc,object,0x002d27ac,
allocation255,0x001adbac,0xc,object,0x002d564c,
allocation256,0x001adbe4,0x14,object,0x00252054,
allocation257,0x001adc44,0x10,object,0x00251f54,
allocation258,0x001adc7c,0x8,object,0x00252080,
allocation259,0x001adcb0,0x8,object,0x00252080,
allocation260,0x001adce4,0x8,object,0x00252080,
allocation261,0x001add18,0xc,object,0x001b9fe0,
allocation262,0x001add50,0x8,object,0x00252080,
allocation263,0x001add84,0xc,object,0x001b9fe0,
allocation264,0x001addbc,0x8,object,0x00252080,
allocation265,0x001addf0,0x14,object,0x00252054,
allocation266,0x001ade44,0x14,object,0x00252054,
allocation267,0x001ade8c,0xc,object,0x001b9f64,
allocation268,0x001adec4,0x8,object,0x00252080,
allocation269,0x001adef8,0x8,object,0x002d27d4,
allocation270,0x001adf2c,0x14,object,0x00252054,
allocation271,0x001adf80,0x14,object,0x00252054,
allocation272,0x001adfc8,0x14,object,0x00252054,
allocation273,0x001ae010,0x14,object,0x00252054,
allocation274,0x001ae058,0x14,object,0x00252054,
allocation275,0x001ae0a0,0x8,object,0x00251f40,
allocation276,0x001ae0f4,0x14,object,0x00251fc0,
allocation277,0x001ae13c,0x14,object,0x00252054,
allocation278,0x001ae184,0x14,object,0x00252054,
allocation279,0x001ae1cc,0x14,object,0x00252054,
allocation280,0x001ae214,0x14,object,0x00251fc0,
allocation281,0x001ae25c,0x14,object,0x00252054,
allocation282,0x001ae2a4,0x14,object,0x00252054,
allocation283,0x001ae2ec,0x8,object,0x001b9db8,
allocation284,0x001ae320,0x8,object,0x00252080,
allocation285,0x001ae354,0x8,object,0x002d2c50,
allocation286,0x001ae394,0x8,object,0x00252080,
allocation287,0x001ae3c8,0x14,object,0x00252054,
allocation288,0x001ae440,0x10,object,0x00251f54,
allocation289,0x001ae478,0x14,object,0x00252054,
allocation290,0x001ae4fc,0x14,object,0x00252054,
allocation291,0x001ae550,0x14,object,0x00252054,
allocation292,0x001ae59c,0x14,object,0x00252054,
allocation293,0x001ae5e4,0x14,object,0x00252054,
allocation294,0x001ae62c,0x14,object,0x00252054,
allocation295,0x001ae674,0x14,object,0x00251fc0,
allocation296,0x001ae6bc,0x8,object,0x00251f2c,
allocation297,0x001ae710,0x8,object,0x00251f2c,
allocation298,0x001ae764,0x8,object,0x00251f40,
allocation299,0x001ae7b8,0x8,object,inlined,0x0=0x003d1c0c;0x4=player[0x0c]
allocation300,0x001ae80c,0x14,object,0x00251fc0,
allocation301,0x001ae854,0x14,object,0x00252054,
allocation302,0x001ae89c,0x14,object,0x00252054,
allocation303,0x001ae8e4,0x8,object,0x00251f2c,
allocation304,0x001ae938,0x8,object,0x002d3ca0,
allocation305,0x001ae96c,0x8,object,0x00252080,
allocation306,0x001ae9a0,0x8,object,0x002d3bd0,
allocation307,0x001ae9d4,0x8,object,0x00252080,
allocation308,0x001aea08,0x14,object,0x00252054,
allocation309,0x001aea68,0xc,object,0x002d358c,
allocation310,0x001aeaa0,0xc,object,0x002d2054,
allocation311,0x001aead8,0x14,object,0x00252054,
allocation312,0x001aeb20,0x10,object,0x001bad04,
allocation313,0x001aeb58,0x14,object,0x00251fc0,
allocation314,0x001aeba0,0x14,object,0x00252054,
allocation315,0x001aebe8,0x10,object,0x002d2888,
allocation316,0x001aec20,0x8,object,0x002d35c0,
allocation317,0x001aec54,0x14,object,0x00252054,
allocation318,0x001aec9c,0x14,object,0x00252054,
allocation319,0x001aece4,0x14,object,0x00252054,
allocation320,0x001aed2c,0x8,object,0x001b9ec8,
allocation321,0x001aed60,0x14,object,0x00252054,
allocation322,0x001aeda4,0x14,object,0x00252054,
allocation323,0x001aee04,0x8,object,0x001b9f38,
allocation324,0x001aee38,0x8,object,0x002d37bc,
allocation325,0x001aee6c,0x14,object,0x00252054,
allocation326,0x001aeec8,0x14,object,0x00252054,
allocation327,0x001aef0c,0x8,object,0x002d5a0c,
allocation328,0x001aef40,0x8,object,0x00252080,
allocation329,0x001aef74,0x8,object,0x00251f40,
allocation330,0x001aefc8,0x14,object,0x00252054,
allocation331,0x001af018,0x8,object,0x00251f2c,
allocation332,0x001af06c,0x14,object,0x00252054,
allocation333,0x001af0b4,0x14,object,0x00252054,
allocation334,0x001af0fc,0x8,object,0x00251f40,
allocation335,0x001af150,0x14,object,0x00251fc0,
allocation336,0x001af198,0x14,object,0x00252054,
allocation337,0x001af1dc,0x14,object,0x00252054,
allocation338,0x001af224,0x8,object,0x00251f40,
allocation339,0x001af278,0x14,object,0x00252054,
allocation340,0x001af2bc,0x14,object,0x00252054,
allocation341,0x001af304,0x8,object,0x001bac48,
allocation342,0x001af338,0x14,object,0x00252054,
allocation343,0x001af37c,0xc,object,0x001bac1c,
allocation344,0x001af3d4,0x10,object,0x00251ea0,
allocation345,0x001af410,0x10,object,0x00251ea0,
allocation346,0x001af44c,0x14,object,0x00252054,
allocation347,0x001af49c,0x14,object,0x00252054,
allocation348,0x001af4f0,0x14,object,0x00252054,
allocation349,0x001af544,0x10,object,0x00251ea0,
allocation350,0x001af580,0x10,object,0x002d1f20,
allocation351,0x001af5b8,0x14,object,0x00252054,
allocation352,0x001af608,0x14,object,0x00252054,
allocation353,0x001af650,0x8,object,0x002d3798,
allocation354,0x001af6a4,0x8,object,0x00252080,
allocation355,0x001af714,0x14,object,0x00251fc0,
allocation356,0x001af758,0x14,object,0x00252054,
allocation357,0x001af79c,0x14,object,0x00252054,
allocation358,0x001af7e4,0x10,object,0x00251f54,
allocation359,0x001af83c,0x14,object,0x00252054,
allocation360,0x001af880,0x14,object,0x00252054,
allocation361,0x001af8c8,0x14,object,0x00252054,
allocation362,0x001af910,0x14,object,0x00251fc0,
allocation363,0x001af958,0x14,object,0x00252054,
allocation364,0x001af99c,0x14,object,0x00252054,
allocation365,0x001af9e4,0x14,object,0x00252054,
allocation366,0x001afa2c,0x14,object,0x00252054,
allocation367,0x001afa74,0x10,object,inlined,0x0=allocation368;0x4=allocation369;0x8=0x00000005;0xc=0x00000004
allocation368,0x001afaa0,0x14,array,inlined,0x0=allocation199;0x4=allocation202;0x8=allocation203;0xc=allocation235
allocation369,0x001afac0,0x14,array,inlined,0x0=node21;0x4=node21;0x8=node21;0xc=node26
allocation370,0x001afc30,0x10,object,inlined,0x0=allocation371;0x4=allocation372;0x8=0x00000002;0xc=0x00000002
allocation371,0x001afc5c,0x8,array,inlined,0x0=allocation318;0x4=allocation267
allocation372,0x001afc7c,0x8,array,inlined,0x0=node43;0x4=node48
allocation373,0x001b4614,0xc,object,0x00181558,0x0=node02
