sequence,append_call,composite,operation,child
0,0x001abb9c,allocation140,all,allocation139
1,0x001abba8,allocation140,all,allocation134
2,0x001abc18,allocation142,all,allocation140
3,0x001abc24,allocation142,all,allocation141
4,0x001abdec,allocation150,all,allocation149
5,0x001abdf8,allocation150,all,allocation134
6,0x001abfe8,allocation157,any,allocation154
7,0x001abff4,allocation157,any,allocation155
8,0x001ac000,allocation157,any,allocation156
9,0x001ac1c8,allocation164,all,allocation133
10,0x001ac1d4,allocation164,all,allocation163
11,0x001ac2dc,allocation167,all,allocation166
12,0x001ac2e8,allocation167,all,allocation165
13,0x001ac418,allocation172,any,allocation152
14,0x001ac424,allocation172,any,allocation168
15,0x001ac494,allocation174,all,allocation173
16,0x001ac4a0,allocation174,all,allocation134
17,0x001ac4dc,allocation175,all,allocation172
18,0x001ac4e8,allocation175,all,allocation150
19,0x001ac524,allocation176,all,allocation171
20,0x001ac530,allocation176,all,allocation175
21,0x001ac5d4,allocation178,all,allocation179
22,0x001ac5e0,allocation178,all,allocation134
23,0x001ac61c,allocation180,all,allocation177
24,0x001ac628,allocation180,all,allocation178
25,0x001ac664,allocation181,all,allocation157
26,0x001ac670,allocation181,all,allocation153
27,0x001ac67c,allocation181,all,allocation178
28,0x001ac6b8,allocation182,all,allocation157
29,0x001ac6c4,allocation182,all,allocation178
30,0x001ac700,allocation183,all,allocation157
31,0x001ac70c,allocation183,all,allocation180
32,0x001ac748,allocation184,all,allocation157
33,0x001ac754,allocation184,all,allocation178
34,0x001ac790,allocation185,all,allocation152
35,0x001ac79c,allocation185,all,allocation149
36,0x001ac918,allocation191,all,allocation190
37,0x001ac924,allocation191,all,allocation141
38,0x001ac930,allocation191,all,allocation134
39,0x001ac9c0,allocation193,all,allocation192
40,0x001ac9cc,allocation193,all,allocation135
41,0x001aca08,allocation194,all,allocation192
42,0x001aca14,allocation194,all,allocation134
43,0x001acf38,allocation214,all,allocation169
44,0x001acf44,allocation214,all,allocation151
45,0x001acf50,allocation214,all,allocation150
46,0x001acf8c,allocation215,all,allocation150
47,0x001acf98,allocation215,all,allocation147
48,0x001ad818,allocation240,all,allocation149
49,0x001ad824,allocation240,all,allocation239
50,0x001ad860,allocation241,all,allocation162
51,0x001ad86c,allocation241,all,allocation239
52,0x001ad8e0,allocation242,all,allocation243
53,0x001ad8ec,allocation242,all,allocation133
54,0x001ad984,allocation244,all,allocation245
55,0x001ad990,allocation244,all,allocation133
56,0x001ada8c,allocation249,all,allocation248
57,0x001ada98,allocation249,all,allocation141
58,0x001adc14,allocation256,all,allocation255
59,0x001adc20,allocation256,all,allocation251
60,0x001adc2c,allocation256,all,allocation253
61,0x001adc38,allocation256,all,allocation254
62,0x001ade20,allocation265,all,allocation250
63,0x001ade2c,allocation265,all,allocation262
64,0x001ade38,allocation265,all,allocation264
65,0x001ade74,allocation266,all,allocation237
66,0x001ade80,allocation266,all,allocation186
67,0x001adf5c,allocation270,all,allocation150
68,0x001adf68,allocation270,all,allocation269
69,0x001adf74,allocation270,all,allocation147
70,0x001adfb0,allocation271,all,allocation187
71,0x001adfbc,allocation271,all,allocation269
72,0x001adff8,allocation272,all,allocation189
73,0x001ae004,allocation272,all,allocation269
74,0x001ae040,allocation273,all,allocation214
75,0x001ae04c,allocation273,all,allocation269
76,0x001ae088,allocation274,all,allocation270
77,0x001ae094,allocation274,all,allocation239
78,0x001ae124,allocation276,any,allocation275
79,0x001ae130,allocation276,any,allocation237
80,0x001ae16c,allocation277,all,allocation275
81,0x001ae178,allocation277,all,allocation141
82,0x001ae1b4,allocation278,all,allocation275
83,0x001ae1c0,allocation278,all,allocation149
84,0x001ae1fc,allocation279,all,allocation269
85,0x001ae208,allocation279,all,allocation278
86,0x001ae244,allocation280,any,allocation237
87,0x001ae250,allocation280,any,allocation277
88,0x001ae28c,allocation281,all,allocation172
89,0x001ae298,allocation281,all,allocation280
90,0x001ae2d4,allocation282,all,allocation172
91,0x001ae2e0,allocation282,all,allocation278
92,0x001ae3f8,allocation287,all,allocation157
93,0x001ae404,allocation287,all,allocation284
94,0x001ae410,allocation287,all,allocation139
95,0x001ae41c,allocation287,all,allocation135
96,0x001ae428,allocation287,all,allocation143
97,0x001ae434,allocation287,all,allocation286
98,0x001ae4a8,allocation289,all,allocation151
99,0x001ae4b4,allocation289,all,allocation157
100,0x001ae4c0,allocation289,all,allocation284
101,0x001ae4cc,allocation289,all,allocation139
102,0x001ae4d8,allocation289,all,allocation135
103,0x001ae4e4,allocation289,all,allocation143
104,0x001ae4f0,allocation289,all,allocation288
105,0x001ae52c,allocation290,all,allocation151
106,0x001ae538,allocation290,all,allocation137
107,0x001ae544,allocation290,all,allocation164
108,0x001ae584,allocation291,all,allocation151
109,0x001ae590,allocation291,all,allocation167
110,0x001ae5cc,allocation292,all,allocation151
111,0x001ae5d8,allocation292,all,allocation271
112,0x001ae614,allocation293,all,allocation151
113,0x001ae620,allocation293,all,allocation187
114,0x001ae65c,allocation294,all,allocation151
115,0x001ae668,allocation294,all,allocation234
116,0x001ae6a4,allocation295,any,allocation158
117,0x001ae6b0,allocation295,any,allocation148
118,0x001ae83c,allocation300,any,allocation141
119,0x001ae848,allocation300,any,allocation299
120,0x001ae884,allocation301,all,allocation298
121,0x001ae890,allocation301,all,allocation300
122,0x001ae8cc,allocation302,all,allocation298
123,0x001ae8d8,allocation302,all,allocation164
124,0x001aea38,allocation308,all,allocation134
125,0x001aea44,allocation308,all,allocation168
126,0x001aea50,allocation308,all,allocation305
127,0x001aea5c,allocation308,all,allocation307
128,0x001aeb08,allocation311,all,allocation267
129,0x001aeb14,allocation311,all,allocation310
130,0x001aeb88,allocation313,any,allocation149
131,0x001aeb94,allocation313,any,allocation234
132,0x001aebd0,allocation314,all,allocation312
133,0x001aebdc,allocation314,all,allocation313
134,0x001aec84,allocation317,all,allocation268
135,0x001aec90,allocation317,all,allocation316
136,0x001aeccc,allocation318,all,allocation267
137,0x001aecd8,allocation318,all,allocation316
138,0x001aed14,allocation319,all,allocation315
139,0x001aed20,allocation319,all,allocation316
140,0x001aed8c,allocation321,all,allocation320
141,0x001aed98,allocation321,all,allocation152
142,0x001aedd4,allocation322,all,allocation144
143,0x001aede0,allocation322,all,allocation139
144,0x001aedec,allocation322,all,allocation143
145,0x001aedf8,allocation322,all,allocation286
146,0x001aee9c,allocation325,all,allocation323
147,0x001aeea4,allocation325,all,allocation324
148,0x001aeeb0,allocation325,all,allocation151
149,0x001aeebc,allocation325,all,allocation147
150,0x001aeef4,allocation326,all,allocation325
151,0x001aef00,allocation326,all,allocation135
152,0x001aeff8,allocation330,all,allocation134
153,0x001af004,allocation330,all,allocation328
154,0x001af00c,allocation330,all,allocation329
155,0x001af09c,allocation332,all,allocation330
156,0x001af0a8,allocation332,all,allocation267
157,0x001af0e4,allocation333,all,allocation331
158,0x001af0f0,allocation333,all,allocation267
159,0x001af180,allocation335,any,allocation299
160,0x001af18c,allocation335,any,allocation141
161,0x001af1c4,allocation336,all,allocation335
162,0x001af1d0,allocation336,all,allocation334
163,0x001af20c,allocation337,all,allocation141
164,0x001af218,allocation337,all,allocation209
165,0x001af2a8,allocation339,all,allocation186
166,0x001af2b0,allocation339,all,allocation338
167,0x001af2ec,allocation340,all,allocation236
168,0x001af2f8,allocation340,all,allocation338
169,0x001af364,allocation342,all,allocation341
170,0x001af370,allocation342,all,allocation134
171,0x001af47c,allocation346,all,allocation343
172,0x001af488,allocation346,all,allocation344
173,0x001af490,allocation346,all,allocation345
174,0x001af4cc,allocation347,all,allocation169
175,0x001af4d8,allocation347,all,allocation135
176,0x001af4e4,allocation347,all,allocation151
177,0x001af520,allocation348,all,allocation169
178,0x001af52c,allocation348,all,allocation134
179,0x001af538,allocation348,all,allocation151
180,0x001af5e4,allocation351,all,allocation350
181,0x001af5f0,allocation351,all,allocation168
182,0x001af5fc,allocation351,all,allocation134
183,0x001af638,allocation352,all,allocation168
184,0x001af644,allocation352,all,allocation134
185,0x001af744,allocation355,any,allocation353
186,0x001af74c,allocation355,any,allocation354
187,0x001af788,allocation356,all,allocation215
188,0x001af790,allocation356,all,allocation355
189,0x001af7cc,allocation357,all,allocation355
190,0x001af7d8,allocation357,all,allocation178
191,0x001af86c,allocation359,all,allocation287
192,0x001af874,allocation359,all,allocation358
193,0x001af8b0,allocation360,all,allocation139
194,0x001af8bc,allocation360,all,allocation267
195,0x001af8f8,allocation361,all,allocation151
196,0x001af904,allocation361,all,allocation135
197,0x001af940,allocation362,any,allocation206
198,0x001af94c,allocation362,any,allocation207
199,0x001af984,allocation363,all,allocation362
200,0x001af990,allocation363,all,allocation267
201,0x001af9cc,allocation364,all,allocation149
202,0x001af9d8,allocation364,all,allocation134
203,0x001afa14,allocation365,all,allocation151
204,0x001afa20,allocation365,all,allocation306
205,0x001afa5c,allocation366,all,allocation135
206,0x001afa68,allocation366,all,allocation164
