call_site,constructor,object,observed_argument_sources
0x001a9898,0x00171a78,allocation001,player[0x4c]; player[0x20]; player[0x38]; player[0x58]; player[0xac]
0x001a98cc,0x0025213c,node00,allocation001
0x001a995c,0x001a46c8,allocation003,player[0x1c]; player[0x00]; player[0x0c]; player[0x14]; player[0x24]; player[0x58]; player[0x84]; player[0x40]
0x001a9990,0x0025213c,node01,allocation003
0x001a99f8,0x00174c18,allocation005,allocation000; player[0xa0]
0x001a9a2c,0x0025213c,node02,allocation005
0x001a9a70,0x001818fc,allocation007,allocation000; player[0xa0]
0x001a9aa4,0x0025213c,node03,allocation007
0x001a9b0c,0x00173b5c,allocation009,allocation000; player[0x7c] + 0x4; player[0x74]; player[0xa0]; allocation003 + 0x8; player[0xc8]
0x001a9b40,0x0025213c,node04,allocation009
0x001a9b78,0x00171d64,allocation011,allocation000; player[0x7c] + 0x4
0x001a9bac,0x0025213c,node05,allocation011
0x001a9c04,0x00175344,allocation013,allocation000; player[0x14] + 0x8
0x001a9c38,0x0025213c,node06,allocation013
0x001a9ca0,0x00197ef0,allocation015,allocation000; player[0x7c] + 0x4; allocation013 + 0x4; player[0x9c]; player[0xa4]
0x001a9cd4,0x0025213c,node07,allocation015
0x001a9d10,0x00197c64,allocation017,allocation000; player[0x7c] + 0x4; player[0x9c]
0x001a9d44,0x0025213c,node08,allocation017
0x001a9d7c,0x00252124,allocation019,allocation000; player[0x18]
0x001a9db0,0x0025213c,node09,allocation019
0x001a9de8,0x00252124,allocation021,allocation000; player[0x18]
0x001a9e1c,0x0025213c,node10,allocation021
0x001a9e54,0x00252124,allocation023,allocation000; player[0x18]
0x001a9e88,0x0025213c,node11,allocation023
0x001a9ec4,0x0019e5d4,allocation025,allocation000; player[0x68]; player[0x18]
0x001a9ef8,0x0025213c,node12,allocation025
0x001a9f5c,0x0019dc48,allocation027,allocation000; player[0x7c] + 0x4; player[0x20]; player[0x18]; allocation025 + 0x4
0x001a9f90,0x0025213c,node13,allocation027
0x001a9fc4,0x00196eb4,allocation029,allocation000
0x001a9ff8,0x0025213c,node14,allocation029
0x001aa030,0x00196300,allocation031,allocation000; player[0x7c] + 0x4
0x001aa064,0x0025213c,node15,allocation031
0x001aa0a0,0x001963dc,allocation033,allocation000; player[0x7c] + 0x4; player[0x6c]
0x001aa0d4,0x0025213c,node16,allocation033
0x001aa110,0x001b8b38,allocation035,allocation000; player[0x7c] + 0x4; player[0x18]
0x001aa144,0x0025213c,node17,allocation035
0x001aa18c,0x0018eba4,allocation037,player[0x1c]; player[0x00]; player[0x14]; player[0xbc]; player[0x0c]
0x001aa1c0,0x0025213c,node18,allocation037
0x001aa208,0x00181420,allocation039,player[0x1c]; player[0x00]; player[0x14]
0x001aa23c,0x0025213c,node19,allocation039
0x001aa28c,0x0018a390,allocation041,player[0x1c]; player[0x00]; player[0x0c]; player[0x14]; player[0x24]; player[0x50]
0x001aa2c0,0x0025213c,node20,allocation041
0x001aa320,0x0019d950,allocation043,player[0x1c]; player[0x00]; player[0x0c]; player[0x14]; player[0x5c]; player[0x30]; player[0xac]; player[0x58]
0x001aa354,0x0025213c,node21,allocation043
0x001aa3c4,0x001b7200,allocation045,player[0x1c]; player[0x00]; player[0x0c]; player[0x14]; player[0x5c]; player[0x30]; player[0x4c]; player[0xac]; player[0x58]
0x001aa3f8,0x0025213c,node22,allocation045
0x001aa47c,0x00196838,allocation047,allocation000; allocation048
0x001aa4b0,0x0025213c,node23,allocation047
0x001aa534,0x00196838,allocation050,allocation000; allocation051
0x001aa568,0x0025213c,node24,allocation050
0x001aa59c,0x00197b90,allocation053,allocation000
0x001aa5d0,0x0025213c,node25,allocation053
0x001aa608,0x0018128c,allocation055,allocation000; player[0xac]
0x001aa63c,0x0025213c,node26,allocation055
0x001aa6e0,0x002520d4,allocation057,allocation058; allocation000; player[0x18]; player[0x20]; player[0x40]; player[0xdc]; player[0xac]
0x001aa714,0x0025213c,node27,allocation057
0x001aa7b8,0x002520d4,allocation060,allocation061; allocation000; player[0x18]; player[0x20]; player[0x40]; player[0xdc]; player[0xac]
0x001aa7ec,0x0025213c,node28,allocation060
0x001aa890,0x002520d4,allocation063,allocation064; allocation000; player[0x18]; player[0x20]; player[0x40]; player[0xdc]; player[0xac]
0x001aa8c4,0x0025213c,node29,allocation063
0x001aa968,0x002520d4,allocation066,allocation067; allocation000; player[0x18]; player[0x20]; player[0x40]; player[0xdc]; player[0xac]
0x001aa99c,0x0025213c,node30,allocation066
0x001aaa40,0x002520d4,allocation069,allocation070; allocation000; player[0x18]; player[0x20]; player[0x40]; player[0xdc]; player[0xac]
0x001aaa74,0x0025213c,node31,allocation069
0x001aab18,0x002520d4,allocation072,allocation073; allocation000; player[0x18]; player[0x20]; player[0x40]; player[0xdc]; player[0xac]
0x001aab4c,0x0025213c,node32,allocation072
0x001aabe4,0x00252094,allocation075,allocation000; player[0x18]; player[0x20]; allocation076; player[0x40]; player[0xdc]
0x001aac18,0x0025213c,node33,allocation075
0x001aacb0,0x00252094,allocation078,allocation000; player[0x18]; player[0x20]; allocation079; player[0x40]; player[0xdc]
0x001aace4,0x0025213c,node34,allocation078
0x001aad7c,0x00252094,allocation081,allocation000; player[0x18]; player[0x20]; allocation082; player[0x40]; player[0xdc]
0x001aadb0,0x0025213c,node35,allocation081
0x001aae48,0x00252094,allocation084,allocation000; player[0x18]; player[0x20]; allocation085; player[0x40]; player[0xdc]
0x001aae7c,0x0025213c,node36,allocation084
0x001aaf14,0x00252094,allocation087,allocation000; player[0x18]; player[0x20]; allocation088; player[0x40]; player[0xdc]
0x001aaf48,0x0025213c,node37,allocation087
0x001aaf80,0x0018f0f4,allocation090,allocation000; player[0x18]
0x001aafb4,0x0025213c,node38,allocation090
0x001aaff0,0x001a7fd4,allocation092,allocation000; player[0x7c] + 0x4; player[0xc0]
0x001ab024,0x0025213c,node39,allocation092
0x001ab058,0x00173f0c,allocation094,allocation000
0x001ab08c,0x0025213c,node40,allocation094
0x001ab0c8,0x0019dd70,allocation096,allocation000; player[0x18]; player[0x68]
0x001ab0fc,0x0025213c,node41,allocation096
0x001ab130,0x001749c8,allocation098,allocation000
0x001ab164,0x0025213c,node42,allocation098
0x001ab1b4,0x0019efb4,allocation100,allocation000; player[0x58]; player[0x20]; player[0x90]; player[0x98]; player[0xbc]
0x001ab1e8,0x0025213c,node43,allocation100
0x001ab21c,0x00174840,allocation102,allocation000
0x001ab250,0x0025213c,node44,allocation102
0x001ab28c,0x0025213c,node45,allocation100
0x001ab2c4,0x0025213c,node46,allocation102
0x001ab320,0x002d232c,allocation106,allocation000; player[0x58]; player[0x20]; player[0x90]; player[0x98]; player[0xbc]; player[0x6c]
0x001ab394,0x0025213c,node47,allocation106
0x001ab3dc,0x001ba530,allocation108,allocation000; player[0x40]; player[0x90]; player[0x94]; player[0x98]
0x001ab410,0x0025213c,node48,allocation108
0x001ab448,0x001972ec,allocation110,allocation000; player[0xbc]
0x001ab47c,0x0025213c,node49,allocation110
0x001ab4bc,0x00171cdc,allocation112,allocation000
0x001ab4f0,0x0025213c,node50,allocation112
0x001ab524,0x001a725c,allocation114,allocation000
0x001ab558,0x0025213c,node51,allocation114
0x001ab59c,0x0019f5a4,allocation116,allocation000; player[0x18]; player[0x90]; player[0xe0]
0x001ab5d0,0x0025213c,node52,allocation116
0x001ab608,0x001974c0,allocation118,allocation000; player[0x7c] + 0x4
0x001ab63c,0x0025213c,node53,allocation118
0x001ab670,0x001a4948,allocation120,allocation000
0x001ab6a4,0x0025213c,node54,allocation120
0x001ab6e0,0x001b9048,allocation122,allocation000; player[0x7c] + 0x4; player[0xb8]
0x001ab714,0x0025213c,node55,allocation122
0x001ab77c,0x001bae88,allocation124,allocation000; player[0x7c] + 0x4; player[0x74]; player[0xa0]; allocation003 + 0x8; player[0xc8]
0x001ab7b0,0x0025213c,node56,allocation124
0x001ab7fc,0x001b79ac,allocation126,allocation000; player[0x7c] + 0x4; player[0xbc]; player[0xc4]
0x001ab830,0x0025213c,node57,allocation126
0x001ab8a8,0x001a79bc,allocation128,allocation000; player[0xb0]; player[0x38]; player[0xbc]; player[0x30]
0x001ab8dc,0x0025213c,node58,allocation128
0x001ab91c,0x001a73b4,allocation130,allocation000
0x001ab950,0x0025213c,node59,allocation130
0x001ab984,0x002d3c68,allocation132,player[0x58]
0x001ab9b8,0x00252080,allocation133,allocation132
0x001aba40,0x00252080,allocation135,allocation134
0x001abac8,0x00252080,allocation137,allocation136
0x001abafc,0x001b7290,allocation138,player[0x00]
0x001abb80,0x00252054,allocation140,
0x001abbcc,0x001b9f9c,allocation141,player[0x0c]
0x001abbfc,0x00252054,allocation142,
0x001abc9c,0x002d2ac0,allocation144,player[0xac]
0x001abcd0,0x00252080,allocation145,allocation144
0x001abd04,0x002d27f8,allocation146,player[0xac]
0x001abd38,0x00252080,allocation147,allocation146
0x001abd6c,0x00252080,allocation148,allocation143
0x001abda0,0x002d281c,allocation149,player[0x0c]
0x001abdd0,0x00252054,allocation150,
0x001abe1c,0x002d2c08,allocation151,player[0x68]
0x001abe50,0x00252080,allocation152,allocation151
0x001abe88,0x001bac1c,allocation153,player[0x00]; float 1.0 in S0
0x001abee4,0x00251fec,allocation154,player[0x40]; temporary value 0x3 (passed by address)
0x001abf40,0x00251fec,allocation155,player[0x40]; temporary value 0x5 (passed by address)
0x001abf9c,0x00251fec,allocation156,player[0x40]; temporary value 0x6 (passed by address)
0x001abfcc,0x00251fc0,allocation157,
0x001ac024,0x00252080,allocation158,allocation157
0x001ac058,0x00252080,allocation159,allocation155
0x001ac0b4,0x002d59e0,allocation160,player[0x00]; allocation003 + 0x4; player[0x0c]
0x001ac0ec,0x002d5ac0,allocation161,player[0x00]; player[0x0c]
0x001ac120,0x002d3fac,allocation162,player[0x0c]
0x001ac168,0x002d3b24,allocation163,player[0x0c]; player[0x00]; player[0x08]
0x001ac1ac,0x00252054,allocation164,
0x001ac21c,0x002d26e8,allocation165,player[0xd4]; configuration getter +0x17c
0x001ac290,0x002d301c,allocation166,player[0x14] + 0x8; player[0x00]; player[0x08]; player[0x9c]; player[0x34]
0x001ac2c0,0x00252054,allocation167,
0x001ac30c,0x002d3150,allocation168,player[0x0c]
0x001ac340,0x00252080,allocation169,allocation168
0x001ac398,0x00251f54,allocation170,configuration getter +0x194; 0x00000000
0x001ac3cc,0x001b99c4,allocation171,allocation170
0x001ac3fc,0x00251fc0,allocation172,
0x001ac448,0x00252080,allocation173,allocation172
0x001ac478,0x00252054,allocation174,
0x001ac4c0,0x00252054,allocation175,
0x001ac508,0x00252054,allocation176,
0x001ac554,0x001a9560,allocation177,allocation171
0x001ac584,0x00252054,allocation178,
0x001ac5b8,0x002d365c,allocation179,player[0x0c]
0x001ac600,0x00252054,allocation180,
0x001ac648,0x00252054,allocation181,
0x001ac69c,0x00252054,allocation182,
0x001ac6e4,0x00252054,allocation183,
0x001ac72c,0x00252054,allocation184,
0x001ac774,0x00252054,allocation185,
0x001ac7c4,0x002d50cc,allocation186,player[0x14]; player[0x00]
0x001ac800,0x002d2cc8,allocation187,player[0x14]; player[0x00]; player[0x0c]
0x001ac83c,0x002d34c8,allocation188,player[0x14]; player[0x00]; player[0x0c]
0x001ac878,0x002d30e4,allocation189,player[0x1c]; player[0x14]; player[0x0c]
0x001ac8cc,0x00251f40,allocation190,allocation037 + 0x8
0x001ac8fc,0x00252054,allocation191,
0x001ac974,0x00251f2c,allocation192,allocation037 + 0x4
0x001ac9a4,0x00252054,allocation193,
0x001ac9ec,0x00252054,allocation194,
0x001aca38,0x002d3cc4,allocation195,player[0x14]
0x001aca70,0x002d2a20,allocation196,player[0x0c]; player[0x14]
0x001acaa8,0x002d36b4,allocation197,player[0x0c]; player[0x14]
0x001acae0,0x001bad78,allocation198,player[0x20]; player[0x38]
0x001acb18,0x002d2b14,allocation199,player[0x50]; 0x00000000
0x001acb70,0x002d2b14,allocation200,player[0x50]; allocation001 + 0xc
0x001acbac,0x00251f14,allocation201,player[0x14]; 0x00000001; player[0x38]
0x001acbe8,0x00251f14,allocation202,player[0x14]; 0x00000002; 0x00000000
0x001acc24,0x00251f14,allocation203,player[0x14]; 0x00000003; 0x00000000
0x001acc80,0x002d40e4,allocation204,player[0x14]; player[0x0c]; allocation041 + 0x4
0x001accd4,0x002d2c2c,allocation205,allocation041 + 0x4
0x001acd28,0x00251f2c,allocation206,allocation001 + 0x4
0x001acd5c,0x001baba4,allocation207,player[0x6c]
0x001acd90,0x002d1e14,allocation208,player[0x6c]
0x001acdc4,0x002d36e0,allocation209,player[0x6c]
0x001acdf8,0x002d50f4,allocation210,player[0x6c]
0x001ace54,0x002d3f74,allocation211,player[0x00]; player[0x0c]; allocation003 + 0x4
0x001acea8,0x00251f2c,allocation212,allocation039 + 0x4
0x001aceec,0x002d5220,allocation213,player[0x14]; player[0x00]; player[0x0c]; player[0x68]
0x001acf1c,0x00252054,allocation214,
0x001acf70,0x00252054,allocation215,
0x001acfe0,0x00251efc,allocation216,allocation063 + 0x4; player[0x14]
0x001ad03c,0x00251ee4,allocation217,allocation063 + 0x4; player[0x14]; player[0x68]
0x001ad0a0,0x00251ebc,allocation218,allocation063 + 0x4; player[0x14]; player[0x0c]; player[0x68]
0x001ad0f8,0x00251efc,allocation219,allocation060 + 0x4; player[0x14]
0x001ad154,0x00251ee4,allocation220,allocation060 + 0x4; player[0x14]; player[0x68]
0x001ad1b8,0x00251ebc,allocation221,allocation060 + 0x4; player[0x14]; player[0x0c]; player[0x68]
0x001ad210,0x00251efc,allocation222,allocation057 + 0x4; player[0x14]
0x001ad26c,0x00251ee4,allocation223,allocation057 + 0x4; player[0x14]; player[0x68]
0x001ad2d0,0x00251ebc,allocation224,allocation057 + 0x4; player[0x14]; player[0x0c]; player[0x68]
0x001ad334,0x00251ebc,allocation225,allocation066 + 0x4; player[0x14]; player[0x0c]; player[0x68]
0x001ad38c,0x00251efc,allocation226,allocation066 + 0x4; player[0x14]
0x001ad3e8,0x00251ee4,allocation227,allocation066 + 0x4; player[0x14]; player[0x68]
0x001ad44c,0x00251ebc,allocation228,allocation069 + 0x4; player[0x14]; player[0x0c]; player[0x68]
0x001ad4a4,0x00251efc,allocation229,allocation069 + 0x4; player[0x14]
0x001ad500,0x00251ee4,allocation230,allocation069 + 0x4; player[0x14]; player[0x68]
0x001ad564,0x00251ebc,allocation231,allocation072 + 0x4; player[0x14]; player[0x0c]; player[0x68]
0x001ad5bc,0x00251efc,allocation232,allocation072 + 0x4; player[0x14]
0x001ad618,0x00251ee4,allocation233,allocation072 + 0x4; player[0x14]; player[0x68]
0x001ad6a4,0x001b9fc8,allocation235,player[0x00]; player[0x30]
0x001ad6e0,0x002d2d34,allocation236,player[0x00]; player[0x0c]; player[0x14]
0x001ad71c,0x00251ea0,allocation237,player[0x1c]; 0x00000000; 0xffffffff
0x001ad778,0x002d3c40,allocation238,player[0x0c]; player[0x14]; allocation094 + 0x8
0x001ad7cc,0x00251f40,allocation239,allocation094 + 0x8
0x001ad7fc,0x00252054,allocation240,
0x001ad844,0x00252054,allocation241,
0x001ad88c,0x00252054,allocation242,
0x001ad8c4,0x002d3734,allocation243,player[0x0c]; player[0x00]
0x001ad90c,0x00252054,allocation244,
0x001ad968,0x002d2a84,allocation245,player[0x0c]; player[0x00]; allocation039 + 0x4
0x001ad9b8,0x002d2bdc,allocation246,player[0x0c]; player[0x00]
0x001ad9ec,0x002d3b94,allocation247,player[0x00]
0x001ada40,0x00251f2c,allocation248,allocation007 + 0x4
0x001ada70,0x00252054,allocation249,
0x001adabc,0x002d1f84,allocation250,player[0x14]
0x001adaf0,0x002d375c,allocation251,player[0x14]
0x001adb24,0x002d3d4c,allocation252,player[0x14]
0x001adb58,0x00252080,allocation253,allocation252
0x001adb90,0x002d27ac,allocation254,player[0x0c]; player[0x00]
0x001adbc8,0x002d564c,allocation255,player[0x00]; player[0x14]
0x001adbf8,0x00252054,allocation256,
0x001adc60,0x00251f54,allocation257,0x0000000f; allocation256
0x001adc94,0x00252080,allocation258,allocation141
0x001adcc8,0x00252080,allocation259,allocation254
0x001adcfc,0x00252080,allocation260,allocation250
0x001add34,0x001b9fe0,allocation261,player[0x20]; 0x00000000
0x001add68,0x00252080,allocation262,allocation261
0x001adda0,0x001b9fe0,allocation263,player[0x20]; 0x00000001
0x001addd4,0x00252080,allocation264,allocation263
0x001ade04,0x00252054,allocation265,
0x001ade58,0x00252054,allocation266,
0x001adea8,0x001b9f64,allocation267,player[0x00]; player[0x30]
0x001adedc,0x00252080,allocation268,allocation267
0x001adf10,0x002d27d4,allocation269,player[0x54]
0x001adf40,0x00252054,allocation270,
0x001adf94,0x00252054,allocation271,
0x001adfdc,0x00252054,allocation272,
0x001ae024,0x00252054,allocation273,
0x001ae06c,0x00252054,allocation274,
0x001ae0d8,0x00251f40,allocation275,allocation096 + 0x8
0x001ae108,0x00251fc0,allocation276,
0x001ae150,0x00252054,allocation277,
0x001ae198,0x00252054,allocation278,
0x001ae1e0,0x00252054,allocation279,
0x001ae228,0x00251fc0,allocation280,
0x001ae270,0x00252054,allocation281,
0x001ae2b8,0x00252054,allocation282,
0x001ae304,0x001b9db8,allocation283,player[0x7c]
0x001ae338,0x00252080,allocation284,allocation283
0x001ae378,0x002d2c50,allocation285,player[0xd0]
0x001ae3ac,0x00252080,allocation286,allocation285
0x001ae3dc,0x00252054,allocation287,
0x001ae45c,0x00251f54,allocation288,0x00000003; 0x00000000
0x001ae48c,0x00252054,allocation289,
0x001ae510,0x00252054,allocation290,
0x001ae564,0x00252054,allocation291,
0x001ae5b0,0x00252054,allocation292,
0x001ae5f8,0x00252054,allocation293,
0x001ae640,0x00252054,allocation294,
0x001ae688,0x00251fc0,allocation295,
0x001ae6f4,0x00251f2c,allocation296,allocation110 + 0x4
0x001ae748,0x00251f2c,allocation297,allocation112 + 0x4
0x001ae79c,0x00251f40,allocation298,allocation114 + 0x4
0x001ae820,0x00251fc0,allocation300,
0x001ae868,0x00252054,allocation301,
0x001ae8b0,0x00252054,allocation302,
0x001ae91c,0x00251f2c,allocation303,allocation114 + 0x8
0x001ae950,0x002d3ca0,allocation304,player[0xe0]
0x001ae984,0x00252080,allocation305,allocation304
0x001ae9b8,0x002d3bd0,allocation306,player[0x90]
0x001ae9ec,0x00252080,allocation307,allocation306
0x001aea1c,0x00252054,allocation308,
0x001aea84,0x002d358c,allocation309,player[0x94]; player[0x40]
0x001aeabc,0x002d2054,allocation310,player[0x94]; player[0x40]
0x001aeaec,0x00252054,allocation311,
0x001aeb3c,0x001bad04,allocation312,player[0x94]; player[0x00]
0x001aeb6c,0x00251fc0,allocation313,
0x001aebb4,0x00252054,allocation314,
0x001aec04,0x002d2888,allocation315,player[0x00]; player[0x30]
0x001aec38,0x002d35c0,allocation316,player[0x94]
0x001aec68,0x00252054,allocation317,
0x001aecb0,0x00252054,allocation318,
0x001aecf8,0x00252054,allocation319,
0x001aed44,0x001b9ec8,allocation320,player[0xa8]
0x001aed74,0x00252054,allocation321,
0x001aedb8,0x00252054,allocation322,
0x001aee1c,0x001b9f38,allocation323,player[0x40]
0x001aee50,0x002d37bc,allocation324,player[0x0c]
0x001aee80,0x00252054,allocation325,
0x001aeedc,0x00252054,allocation326,
0x001aef24,0x002d5a0c,allocation327,player[0x0c]
0x001aef58,0x00252080,allocation328,allocation327
0x001aefac,0x00251f40,allocation329,allocation128 + 0x8
0x001aefdc,0x00252054,allocation330,
0x001af050,0x00251f2c,allocation331,allocation128 + 0x4
0x001af080,0x00252054,allocation332,
0x001af0c8,0x00252054,allocation333,
0x001af134,0x00251f40,allocation334,allocation110 + 0x8
0x001af164,0x00251fc0,allocation335,
0x001af1ac,0x00252054,allocation336,
0x001af1f0,0x00252054,allocation337,
0x001af25c,0x00251f40,allocation338,allocation126 + 0x58
0x001af28c,0x00252054,allocation339,
0x001af2d0,0x00252054,allocation340,
0x001af31c,0x001bac48,allocation341,player[0xc0]
0x001af34c,0x00252054,allocation342,
0x001af3b8,0x001bac1c,allocation343,player[0x00]; float configuration getter +0x108 in S0
0x001af3f4,0x00251ea0,allocation344,player[0x1c]; string TailAttackSquatGround; 0xffffffff
0x001af430,0x00251ea0,allocation345,player[0x1c]; string TailAttackSquatAir; 0xffffffff
0x001af460,0x00252054,allocation346,
0x001af4b0,0x00252054,allocation347,
0x001af504,0x00252054,allocation348,
0x001af564,0x00251ea0,allocation349,player[0x1c]; string SquatEnd; 0xffffffff
0x001af59c,0x002d1f20,allocation350,player[0x0c]; player[0x00]
0x001af5cc,0x00252054,allocation351,
0x001af61c,0x00252054,allocation352,
0x001af688,0x002d3798,allocation353,allocation025 + 0x4
0x001af6bc,0x00252080,allocation354,allocation153
0x001af728,0x00251fc0,allocation355,
0x001af76c,0x00252054,allocation356,
0x001af7b0,0x00252054,allocation357,
0x001af820,0x00251f54,allocation358,configuration getter +0x1a4; 0x00000000
0x001af850,0x00252054,allocation359,
0x001af894,0x00252054,allocation360,
0x001af8dc,0x00252054,allocation361,
0x001af924,0x00251fc0,allocation362,
0x001af96c,0x00252054,allocation363,
0x001af9b0,0x00252054,allocation364,
0x001af9f8,0x00252054,allocation365,
0x001afa40,0x00252054,allocation366,
0x001b4628,0x00181558,allocation373,
