constructor,call_sites,allocated_size,R1_R3_parameters,stack_word_parameters,VFP_parameters
0x00171a78,1,0x28,3,2,
0x00171cdc,1,0x10,1,0,
0x00171d64,1,0x58,2,0,
0x00173b5c,1,0x70,3,3,
0x00173f0c,1,0x14,1,0,
0x00174840,1,0xc,1,0,
0x001749c8,1,0x8,1,0,
0x00174c18,1,0xc,2,0,
0x00175344,1,0x30,2,0,
0x0018128c,1,0xc,2,0,
0x00181420,1,0x18,3,0,
0x00181558,1,0xc,0,0,
0x001818fc,1,0x20,2,0,
0x0018a390,1,0x20,3,3,
0x0018eba4,1,0x30,3,2,
0x0018f0f4,1,0x14,2,0,
0x00196300,1,0x58,2,0,
0x001963dc,1,0x5c,3,0,
0x00196838,2,0xc,2,0,
0x00196eb4,1,0x10,1,0,
0x001972ec,1,0x28,2,0,
0x001974c0,1,0x58,2,0,
0x00197b90,1,0x8,1,0,
0x00197c64,1,0x5c,3,0,
0x00197ef0,1,0x64,3,2,
0x0019d950,1,0x24,3,5,
0x0019dc48,1,0x64,3,2,
0x0019dd70,1,0x1c,3,0,
0x0019e5d4,1,0x34,3,0,
0x0019efb4,1,0x34,3,3,
0x0019f5a4,1,0x20,3,1,
0x001a46c8,1,0x44,3,5,
0x001a4948,1,0x8,1,0,
0x001a725c,1,0x14,1,0,
0x001a73b4,1,0x8,1,0,
0x001a79bc,1,0x38,3,2,
0x001a7fd4,1,0x60,3,0,
0x001a9560,1,0x8,1,0,
0x001b7200,1,0x28,3,6,
0x001b7290,1,0x8,1,0,
0x001b79ac,1,0x7c,3,1,
0x001b8b38,1,0x5c,3,0,
0x001b9048,1,0x60,3,0,
0x001b99c4,1,0xc,1,0,
0x001b9db8,1,0x8,1,0,
0x001b9ec8,1,0x8,1,0,
0x001b9f38,1,0x8,1,0,
0x001b9f64,1,0xc,2,0,
0x001b9f9c,1,0x8,1,0,
0x001b9fc8,1,0xc,2,0,
0x001b9fe0,2,0xc,2,0,
0x001ba530,1,0x1c,3,2,
0x001baba4,1,0x8,1,0,
0x001bac1c,2,0xc,1,0,s0
0x001bac48,1,0x8,1,0,
0x001bad04,1,0x10,2,0,
0x001bad78,1,0xc,2,0,
0x001bae88,1,0x70,3,3,
0x00251ea0,4,0x10,3,0,
0x00251ebc,6,0x14,3,1,
0x00251ee4,6,0x10,3,0,
0x00251efc,6,0xc,2,0,
0x00251f14,3,0x10,3,0,
0x00251f2c,8,0x8,1,0,
0x00251f40,7,0x8,1,0,
0x00251f54,4,0x10,2,0,
0x00251fc0,10,0x14,0,0,
0x00251fec,3,0xc,2,0,
0x00252054,79,0x14,0,0,
0x00252080,24,0x8,1,0,
0x00252094,5,0x20,3,3,
0x002520d4,6,0x38,3,4,
0x00252124,3,0x10,2,0,
0x0025213c,60,0x14,1,0,
0x002d1e14,1,0x8,1,0,
0x002d1f20,1,0x10,2,0,
0x002d1f84,1,0x8,1,0,
0x002d2054,1,0xc,2,0,
0x002d232c,1,0xc4,3,4,
0x002d26e8,1,0xc,2,0,
0x002d27ac,1,0xc,2,0,
0x002d27d4,1,0x8,1,0,
0x002d27f8,1,0x8,1,0,
0x002d281c,1,0x8,1,0,
0x002d2888,1,0x10,2,0,
0x002d2a20,1,0x14,2,0,
0x002d2a84,1,0x10,3,0,
0x002d2ac0,1,0x8,1,0,
0x002d2b14,2,0xc,2,0,
0x002d2bdc,1,0xc,2,0,
0x002d2c08,1,0x8,1,0,
0x002d2c2c,1,0x8,1,0,
0x002d2c50,1,0x8,1,0,
0x002d2cc8,1,0x10,3,0,
0x002d2d34,1,0x10,3,0,
0x002d301c,1,0x18,3,2,
0x002d30e4,1,0x10,3,0,
0x002d3150,1,0x8,1,0,
0x002d34c8,1,0x10,3,0,
0x002d358c,1,0xc,2,0,
0x002d35c0,1,0x8,1,0,
0x002d365c,1,0x8,1,0,
0x002d36b4,1,0xc,2,0,
0x002d36e0,1,0x8,1,0,
0x002d3734,1,0xc,2,0,
0x002d375c,1,0x8,1,0,
0x002d3798,1,0x8,1,0,
0x002d37bc,1,0x8,1,0,
0x002d3b24,1,0x10,3,0,
0x002d3b94,1,0x8,1,0,
0x002d3bd0,1,0x8,1,0,
0x002d3c40,1,0x10,3,0,
0x002d3c68,1,0x8,1,0,
0x002d3ca0,1,0x8,1,0,
0x002d3cc4,1,0x8,1,0,
0x002d3d4c,1,0x8,1,0,
0x002d3f74,1,0x14,3,0,
0x002d3fac,1,0x8,1,0,
0x002d40e4,1,0x14,3,0,
0x002d50cc,1,0xc,2,0,
0x002d50f4,1,0x8,1,0,
0x002d5220,1,0x14,3,1,
0x002d564c,1,0xc,2,0,
0x002d59e0,1,0x10,3,0,
0x002d5a0c,1,0x8,1,0,
0x002d5ac0,1,0xc,2,0,
