sequence,append_call,source_node,condition,destination_node
0,0x001afda4,node01,allocation199,node21
1,0x001afda4,node01,allocation202,node21
2,0x001afda4,node01,allocation203,node21
3,0x001afda4,node01,allocation235,node26
4,0x001afe20,node01,allocation318,node43
5,0x001afe20,node01,allocation267,node48
6,0x001afe50,node01,allocation321,node12
7,0x001afe60,node01,allocation270,node17
8,0x001afe70,node01,allocation149,node04
9,0x001afe80,node01,allocation234,node39
10,0x001afe90,node01,allocation135,node05
11,0x001afea0,node01,allocation257,node54
12,0x001afeb0,node01,allocation351,node09
13,0x001afec0,node01,allocation352,node10
14,0x001afed0,node01,allocation211,node19
15,0x001afee0,node01,allocation247,node02
16,0x001aff3c,node02,allocation199,node21
17,0x001aff3c,node02,allocation202,node21
18,0x001aff3c,node02,allocation203,node21
19,0x001aff3c,node02,allocation235,node26
20,0x001affb8,node02,allocation318,node43
21,0x001affb8,node02,allocation267,node48
22,0x001affe8,node02,allocation321,node12
23,0x001afff8,node02,allocation270,node17
24,0x001b0008,node02,allocation364,node04
25,0x001b0018,node02,allocation234,node39
26,0x001b0028,node02,allocation135,node05
27,0x001b0038,node02,allocation162,node12
28,0x001b0048,node02,allocation246,node03
29,0x001b0058,node02,allocation141,node01
30,0x001b00b4,node03,allocation199,node21
31,0x001b00b4,node03,allocation202,node21
32,0x001b00b4,node03,allocation203,node21
33,0x001b00b4,node03,allocation235,node26
34,0x001b0130,node03,allocation318,node43
35,0x001b0130,node03,allocation267,node48
36,0x001b0160,node03,allocation321,node12
37,0x001b0170,node03,allocation270,node17
38,0x001b0180,node03,allocation149,node04
39,0x001b0190,node03,allocation234,node39
40,0x001b01a0,node03,allocation135,node05
41,0x001b01b0,node03,allocation162,node12
42,0x001b01c0,node03,allocation249,node01
43,0x001b01d0,node03,allocation248,node02
44,0x001b022c,node04,allocation199,node21
45,0x001b022c,node04,allocation202,node21
46,0x001b022c,node04,allocation203,node21
47,0x001b022c,node04,allocation235,node26
48,0x001b02a8,node04,allocation318,node43
49,0x001b02a8,node04,allocation267,node48
50,0x001b02d8,node04,allocation321,node12
51,0x001b02e8,node04,allocation325,node58
52,0x001b02f8,node04,allocation164,node18
53,0x001b0308,node04,allocation167,node06
54,0x001b0318,node04,allocation342,node59
55,0x001b0328,node04,allocation271,node17
56,0x001b0338,node04,allocation187,node04
57,0x001b0348,node04,allocation236,node40
58,0x001b0358,node04,allocation186,node01
59,0x001b0368,node04,allocation234,node39
60,0x001b0378,node04,allocation322,node57
61,0x001b0388,node04,allocation287,node55
62,0x001b03e4,node05,allocation199,node21
63,0x001b03e4,node05,allocation202,node21
64,0x001b03e4,node05,allocation203,node21
65,0x001b03e4,node05,allocation235,node26
66,0x001b0460,node05,allocation318,node43
67,0x001b0460,node05,allocation267,node48
68,0x001b0490,node05,allocation321,node12
69,0x001b04a0,node05,allocation325,node58
70,0x001b04b0,node05,allocation164,node18
71,0x001b04c0,node05,allocation167,node06
72,0x001b04d0,node05,allocation342,node59
73,0x001b04e0,node05,allocation271,node17
74,0x001b04f0,node05,allocation187,node04
75,0x001b0500,node05,allocation236,node40
76,0x001b0510,node05,allocation186,node01
77,0x001b0520,node05,allocation234,node39
78,0x001b0530,node05,allocation322,node57
79,0x001b0540,node05,allocation287,node55
80,0x001b059c,node15,allocation199,node21
81,0x001b059c,node15,allocation202,node21
82,0x001b059c,node15,allocation203,node21
83,0x001b059c,node15,allocation235,node26
84,0x001b0618,node15,allocation318,node43
85,0x001b0618,node15,allocation267,node48
86,0x001b0648,node15,allocation321,node12
87,0x001b0658,node15,allocation325,node58
88,0x001b0668,node15,allocation164,node18
89,0x001b0678,node15,allocation167,node06
90,0x001b0688,node15,allocation342,node59
91,0x001b0698,node15,allocation271,node17
92,0x001b06a8,node15,allocation187,node04
93,0x001b06b8,node15,allocation236,node40
94,0x001b06c8,node15,allocation186,node01
95,0x001b06d8,node15,allocation234,node39
96,0x001b06e8,node15,allocation322,node57
97,0x001b06f8,node15,allocation287,node55
98,0x001b0754,node16,allocation199,node21
99,0x001b0754,node16,allocation202,node21
100,0x001b0754,node16,allocation203,node21
101,0x001b0754,node16,allocation235,node26
102,0x001b07d0,node16,allocation318,node43
103,0x001b07d0,node16,allocation267,node48
104,0x001b0800,node16,allocation321,node12
105,0x001b0810,node16,allocation325,node58
106,0x001b0820,node16,allocation164,node18
107,0x001b0830,node16,allocation167,node06
108,0x001b0840,node16,allocation342,node59
109,0x001b0850,node16,allocation271,node17
110,0x001b0860,node16,allocation187,node04
111,0x001b0870,node16,allocation236,node40
112,0x001b0880,node16,allocation186,node01
113,0x001b0890,node16,allocation234,node39
114,0x001b08a0,node16,allocation322,node57
115,0x001b08b0,node16,allocation287,node55
116,0x001b090c,node07,allocation199,node21
117,0x001b090c,node07,allocation202,node21
118,0x001b090c,node07,allocation203,node21
119,0x001b090c,node07,allocation235,node26
120,0x001b0988,node07,allocation318,node43
121,0x001b0988,node07,allocation267,node48
122,0x001b09b8,node07,allocation321,node12
123,0x001b09c8,node07,allocation325,node58
124,0x001b09d8,node07,allocation164,node18
125,0x001b09e8,node07,allocation167,node06
126,0x001b09f8,node07,allocation342,node59
127,0x001b0a08,node07,allocation271,node17
128,0x001b0a18,node07,allocation187,node04
129,0x001b0a28,node07,allocation236,node40
130,0x001b0a38,node07,allocation186,node01
131,0x001b0a48,node07,allocation234,node39
132,0x001b0a58,node07,allocation322,node57
133,0x001b0a68,node07,allocation287,node55
134,0x001b0ac4,node39,allocation199,node21
135,0x001b0ac4,node39,allocation202,node21
136,0x001b0ac4,node39,allocation203,node21
137,0x001b0ac4,node39,allocation235,node26
138,0x001b0b40,node39,allocation318,node43
139,0x001b0b40,node39,allocation267,node48
140,0x001b0b70,node39,allocation321,node12
141,0x001b0b80,node39,allocation325,node58
142,0x001b0b90,node39,allocation164,node18
143,0x001b0ba0,node39,allocation167,node06
144,0x001b0bb0,node39,allocation342,node59
145,0x001b0bc0,node39,allocation271,node17
146,0x001b0bd0,node39,allocation187,node04
147,0x001b0be0,node39,allocation236,node40
148,0x001b0bf0,node39,allocation186,node01
149,0x001b0c00,node39,allocation234,node39
150,0x001b0c10,node39,allocation322,node57
151,0x001b0c20,node39,allocation287,node55
152,0x001b0c7c,node17,allocation199,node21
153,0x001b0c7c,node17,allocation202,node21
154,0x001b0c7c,node17,allocation203,node21
155,0x001b0c7c,node17,allocation235,node26
156,0x001b0cf8,node17,allocation318,node43
157,0x001b0cf8,node17,allocation267,node48
158,0x001b0d28,node17,allocation321,node12
159,0x001b0d38,node17,allocation325,node58
160,0x001b0d48,node17,allocation213,node12
161,0x001b0d58,node17,allocation164,node18
162,0x001b0d68,node17,allocation167,node06
163,0x001b0d78,node17,allocation271,node17
164,0x001b0d88,node17,allocation187,node04
165,0x001b0d98,node17,allocation236,node40
166,0x001b0da8,node17,allocation186,node01
167,0x001b0db8,node17,allocation234,node39
168,0x001b0dc8,node17,allocation146,node05
169,0x001b0dd8,node17,allocation287,node55
170,0x001b0e34,node14,allocation199,node21
171,0x001b0e34,node14,allocation202,node21
172,0x001b0e34,node14,allocation203,node21
173,0x001b0e34,node14,allocation235,node26
174,0x001b0eb0,node14,allocation318,node43
175,0x001b0eb0,node14,allocation267,node48
176,0x001b0ee0,node14,allocation321,node12
177,0x001b0ef0,node14,allocation349,node02
178,0x001b0f00,node14,allocation149,node04
179,0x001b0f5c,node09,allocation199,node21
180,0x001b0f5c,node09,allocation202,node21
181,0x001b0f5c,node09,allocation203,node21
182,0x001b0f5c,node09,allocation235,node26
183,0x001b0fd8,node09,allocation318,node43
184,0x001b0fd8,node09,allocation267,node48
185,0x001b1008,node09,allocation294,node39
186,0x001b1018,node09,allocation185,node13
187,0x001b1028,node09,allocation176,node24
188,0x001b1038,node09,allocation175,node23
189,0x001b1048,node09,allocation270,node17
190,0x001b1058,node09,allocation150,node04
191,0x001b1068,node09,allocation347,node05
192,0x001b1078,node09,allocation348,node14
193,0x001b1088,node09,allocation346,node12
194,0x001b1098,node09,allocation183,node31
195,0x001b10a8,node09,allocation184,node32
196,0x001b10b8,node09,allocation180,node28
197,0x001b10c8,node09,allocation178,node29
198,0x001b1124,node10,allocation199,node21
199,0x001b1124,node10,allocation202,node21
200,0x001b1124,node10,allocation203,node21
201,0x001b1124,node10,allocation235,node26
202,0x001b11a0,node10,allocation318,node43
203,0x001b11a0,node10,allocation267,node48
204,0x001b11d0,node10,allocation294,node39
205,0x001b11e0,node10,allocation185,node13
206,0x001b11f0,node10,allocation175,node24
207,0x001b1200,node10,allocation270,node17
208,0x001b1210,node10,allocation150,node04
209,0x001b1220,node10,allocation347,node05
210,0x001b1230,node10,allocation348,node14
211,0x001b1240,node10,allocation346,node12
212,0x001b1250,node10,allocation184,node31
213,0x001b1260,node10,allocation178,node28
214,0x001b12bc,node11,allocation199,node21
215,0x001b12bc,node11,allocation202,node21
216,0x001b12bc,node11,allocation203,node21
217,0x001b12bc,node11,allocation235,node26
218,0x001b1338,node11,allocation318,node43
219,0x001b1338,node11,allocation267,node48
220,0x001b1368,node11,allocation185,node13
221,0x001b1378,node11,allocation175,node13
222,0x001b1388,node11,allocation270,node17
223,0x001b1398,node11,allocation150,node04
224,0x001b13a8,node11,allocation347,node05
225,0x001b13b8,node11,allocation348,node14
226,0x001b13c8,node11,allocation346,node12
227,0x001b13d8,node11,allocation184,node30
228,0x001b13e8,node11,allocation178,node28
229,0x001b1444,node12,allocation199,node21
230,0x001b1444,node12,allocation202,node21
231,0x001b1444,node12,allocation203,node21
232,0x001b1444,node12,allocation235,node26
233,0x001b14c0,node12,allocation318,node43
234,0x001b14c0,node12,allocation267,node48
235,0x001b14f0,node12,allocation294,node39
236,0x001b1500,node12,allocation175,node13
237,0x001b1510,node12,allocation270,node17
238,0x001b1520,node12,allocation150,node04
239,0x001b1530,node12,allocation181,node30
240,0x001b1540,node12,allocation182,node31
241,0x001b1550,node12,allocation357,node28
242,0x001b1560,node12,allocation178,node27
243,0x001b1570,node12,allocation174,node14
244,0x001b1580,node12,allocation173,node05
245,0x001b15dc,node13,allocation199,node21
246,0x001b15dc,node13,allocation202,node21
247,0x001b15dc,node13,allocation203,node21
248,0x001b15dc,node13,allocation235,node26
249,0x001b1658,node13,allocation318,node43
250,0x001b1658,node13,allocation267,node48
251,0x001b1688,node13,allocation325,node58
252,0x001b1698,node13,allocation213,node12
253,0x001b16a8,node13,allocation290,node18
254,0x001b16b8,node13,allocation291,node06
255,0x001b16c8,node13,allocation292,node17
256,0x001b16d8,node13,allocation293,node04
257,0x001b16e8,node13,allocation236,node41
258,0x001b16f8,node13,allocation186,node41
259,0x001b1708,node13,allocation294,node39
260,0x001b1718,node13,allocation289,node55
261,0x001b1774,node18,allocation199,node21
262,0x001b1774,node18,allocation202,node21
263,0x001b1774,node18,allocation203,node21
264,0x001b1774,node18,allocation235,node26
265,0x001b17a4,node18,allocation321,node12
266,0x001b17b4,node18,allocation267,node50
267,0x001b17c4,node18,allocation272,node17
268,0x001b17d4,node18,allocation234,node39
269,0x001b17e4,node18,allocation189,node04
270,0x001b17f4,node18,allocation191,node01
271,0x001b1804,node18,allocation193,node05
272,0x001b1814,node18,allocation194,node02
273,0x001b1870,node06,allocation199,node21
274,0x001b1870,node06,allocation202,node21
275,0x001b1870,node06,allocation203,node21
276,0x001b1870,node06,allocation235,node26
277,0x001b18ec,node06,allocation318,node43
278,0x001b18ec,node06,allocation267,node48
279,0x001b191c,node06,allocation321,node12
280,0x001b192c,node06,allocation195,node40
281,0x001b193c,node06,allocation234,node39
282,0x001b194c,node06,allocation196,node08
283,0x001b195c,node06,allocation197,node07
284,0x001b19b8,node33,allocation199,node21
285,0x001b19b8,node33,allocation202,node21
286,0x001b19b8,node33,allocation203,node21
287,0x001b19b8,node33,allocation235,node26
288,0x001b1a34,node33,allocation318,node43
289,0x001b1a34,node33,allocation267,node48
290,0x001b1a64,node33,allocation325,node58
291,0x001b1a74,node33,allocation265,node38
292,0x001b1a84,node33,allocation213,node10
293,0x001b1a94,node33,allocation342,node59
294,0x001b1aa4,node33,allocation236,node40
295,0x001b1ab4,node33,allocation186,node01
296,0x001b1b10,node34,allocation199,node21
297,0x001b1b10,node34,allocation202,node21
298,0x001b1b10,node34,allocation203,node21
299,0x001b1b10,node34,allocation235,node26
300,0x001b1b8c,node34,allocation318,node43
301,0x001b1b8c,node34,allocation267,node48
302,0x001b1bbc,node34,allocation325,node58
303,0x001b1bcc,node34,allocation265,node38
304,0x001b1bdc,node34,allocation213,node10
305,0x001b1bec,node34,allocation342,node59
306,0x001b1bfc,node34,allocation236,node40
307,0x001b1c0c,node34,allocation186,node01
308,0x001b1c68,node35,allocation199,node21
309,0x001b1c68,node35,allocation202,node21
310,0x001b1c68,node35,allocation203,node21
311,0x001b1c68,node35,allocation235,node26
312,0x001b1ce4,node35,allocation318,node43
313,0x001b1ce4,node35,allocation267,node48
314,0x001b1d14,node35,allocation265,node38
315,0x001b1d24,node35,allocation213,node09
316,0x001b1d34,node35,allocation342,node59
317,0x001b1d44,node35,allocation236,node40
318,0x001b1d54,node35,allocation186,node01
319,0x001b1db0,node36,allocation199,node21
320,0x001b1db0,node36,allocation202,node21
321,0x001b1db0,node36,allocation203,node21
322,0x001b1db0,node36,allocation235,node26
323,0x001b1e2c,node36,allocation318,node43
324,0x001b1e2c,node36,allocation267,node48
325,0x001b1e5c,node36,allocation325,node58
326,0x001b1e6c,node36,allocation265,node38
327,0x001b1e7c,node36,allocation213,node11
328,0x001b1e8c,node36,allocation342,node59
329,0x001b1e9c,node36,allocation236,node40
330,0x001b1eac,node36,allocation186,node01
331,0x001b1f08,node37,allocation199,node21
332,0x001b1f08,node37,allocation202,node21
333,0x001b1f08,node37,allocation203,node21
334,0x001b1f08,node37,allocation235,node26
335,0x001b1f84,node37,allocation318,node43
336,0x001b1f84,node37,allocation267,node48
337,0x001b1fb4,node37,allocation325,node58
338,0x001b1fc4,node37,allocation265,node38
339,0x001b1fd4,node37,allocation213,node11
340,0x001b1fe4,node37,allocation342,node59
341,0x001b1ff4,node37,allocation236,node40
342,0x001b2004,node37,allocation186,node01
343,0x001b2060,node38,allocation199,node21
344,0x001b2060,node38,allocation202,node21
345,0x001b2060,node38,allocation203,node21
346,0x001b2060,node38,allocation235,node26
347,0x001b20dc,node38,allocation318,node43
348,0x001b20dc,node38,allocation267,node48
349,0x001b210c,node38,allocation321,node12
350,0x001b211c,node38,allocation186,node41
351,0x001b212c,node38,allocation213,node12
352,0x001b213c,node38,allocation237,node05
353,0x001b2198,node41,allocation199,node21
354,0x001b2198,node41,allocation202,node21
355,0x001b2198,node41,allocation203,node21
356,0x001b2198,node41,allocation235,node26
357,0x001b2214,node41,allocation318,node43
358,0x001b2214,node41,allocation267,node48
359,0x001b2244,node41,allocation135,node12
360,0x001b2254,node41,allocation282,node13
361,0x001b2264,node41,allocation281,node12
362,0x001b2274,node41,allocation279,node17
363,0x001b2284,node41,allocation278,node04
364,0x001b2294,node41,allocation277,node01
365,0x001b22a4,node41,allocation237,node02
366,0x001b22b4,node20,allocation202,node21
367,0x001b22c4,node20,allocation203,node21
368,0x001b22d4,node20,allocation235,node26
369,0x001b22e4,node20,allocation199,node21
370,0x001b2340,node20,allocation318,node43
371,0x001b2340,node20,allocation267,node48
372,0x001b2370,node20,allocation321,node12
373,0x001b2380,node20,allocation204,node01
374,0x001b2390,node20,allocation205,node05
375,0x001b23a8,node00,allocation200,node22
376,0x001b23c0,node00,allocation210,node22
377,0x001b23d8,node00,allocation321,node12
378,0x001b23f0,node00,allocation363,node47
379,0x001b2408,node00,allocation337,node01
380,0x001b2420,node00,allocation209,node02
381,0x001b2438,node00,allocation207,node16
382,0x001b2450,node00,allocation208,node12
383,0x001b2468,node00,allocation206,node15
384,0x001b24c4,node19,allocation199,node21
385,0x001b24c4,node19,allocation202,node21
386,0x001b24c4,node19,allocation203,node21
387,0x001b24c4,node19,allocation235,node26
388,0x001b2540,node19,allocation318,node43
389,0x001b2540,node19,allocation267,node48
390,0x001b2570,node19,allocation321,node12
391,0x001b2580,node19,allocation135,node05
392,0x001b2590,node19,allocation242,node25
393,0x001b25a0,node19,allocation270,node17
394,0x001b25b0,node19,allocation149,node04
395,0x001b25c0,node19,allocation244,node42
396,0x001b25d0,node19,allocation212,node01
397,0x001b262c,node42,allocation199,node21
398,0x001b262c,node42,allocation202,node21
399,0x001b262c,node42,allocation203,node21
400,0x001b262c,node42,allocation235,node26
401,0x001b26a8,node42,allocation318,node43
402,0x001b26a8,node42,allocation267,node48
403,0x001b26d8,node42,allocation321,node12
404,0x001b26e8,node42,allocation135,node05
405,0x001b26f8,node42,allocation237,node01
406,0x001b2708,node42,allocation149,node25
407,0x001b2764,node23,allocation199,node21
408,0x001b2764,node23,allocation202,node21
409,0x001b2764,node23,allocation203,node21
410,0x001b2764,node23,allocation235,node26
411,0x001b27e0,node23,allocation318,node43
412,0x001b27e0,node23,allocation267,node48
413,0x001b2810,node23,allocation321,node12
414,0x001b2820,node23,allocation265,node38
415,0x001b2830,node23,allocation325,node58
416,0x001b2840,node23,allocation342,node59
417,0x001b2850,node23,allocation213,node09
418,0x001b2860,node23,allocation142,node01
419,0x001b2870,node23,allocation140,node40
420,0x001b2880,node23,allocation234,node39
421,0x001b2890,node23,allocation359,node55
422,0x001b28ec,node24,allocation199,node21
423,0x001b28ec,node24,allocation202,node21
424,0x001b28ec,node24,allocation203,node21
425,0x001b28ec,node24,allocation235,node26
426,0x001b2968,node24,allocation318,node43
427,0x001b2968,node24,allocation267,node48
428,0x001b2998,node24,allocation321,node12
429,0x001b29a8,node24,allocation265,node38
430,0x001b29b8,node24,allocation325,node58
431,0x001b29c8,node24,allocation342,node59
432,0x001b29d8,node24,allocation213,node10
433,0x001b29e8,node24,allocation142,node01
434,0x001b29f8,node24,allocation140,node40
435,0x001b2a08,node24,allocation234,node39
436,0x001b2a18,node24,allocation359,node55
437,0x001b2a74,node25,allocation199,node21
438,0x001b2a74,node25,allocation202,node21
439,0x001b2a74,node25,allocation203,node21
440,0x001b2a74,node25,allocation235,node26
441,0x001b2af0,node25,allocation318,node43
442,0x001b2af0,node25,allocation267,node48
443,0x001b2b20,node25,allocation321,node12
444,0x001b2b30,node25,allocation325,node58
445,0x001b2b40,node25,allocation342,node59
446,0x001b2b50,node25,allocation271,node17
447,0x001b2b60,node25,allocation187,node04
448,0x001b2b70,node25,allocation236,node40
449,0x001b2b80,node25,allocation186,node01
450,0x001b2b90,node25,allocation167,node06
451,0x001b2ba0,node25,allocation234,node39
452,0x001b2bb0,node25,allocation164,node18
453,0x001b2bc0,node25,allocation322,node57
454,0x001b2bd0,node25,allocation287,node55
455,0x001b2c2c,node27,allocation199,node21
456,0x001b2c2c,node27,allocation202,node21
457,0x001b2c2c,node27,allocation203,node21
458,0x001b2c2c,node27,allocation235,node26
459,0x001b2ca8,node27,allocation318,node43
460,0x001b2ca8,node27,allocation267,node48
461,0x001b2cd8,node27,allocation265,node38
462,0x001b2ce8,node27,allocation222,node05
463,0x001b2cf8,node27,allocation224,node10
464,0x001b2d08,node27,allocation223,node01
465,0x001b2d18,node27,allocation273,node17
466,0x001b2d28,node27,allocation214,node56
467,0x001b2d38,node27,allocation215,node33
468,0x001b2d94,node28,allocation199,node21
469,0x001b2d94,node28,allocation202,node21
470,0x001b2d94,node28,allocation203,node21
471,0x001b2d94,node28,allocation235,node26
472,0x001b2e10,node28,allocation318,node43
473,0x001b2e10,node28,allocation267,node48
474,0x001b2e40,node28,allocation265,node38
475,0x001b2e50,node28,allocation219,node05
476,0x001b2e60,node28,allocation221,node10
477,0x001b2e70,node28,allocation220,node01
478,0x001b2e80,node28,allocation273,node17
479,0x001b2e90,node28,allocation214,node56
480,0x001b2ea0,node28,allocation215,node34
481,0x001b2efc,node29,allocation199,node21
482,0x001b2efc,node29,allocation202,node21
483,0x001b2efc,node29,allocation203,node21
484,0x001b2efc,node29,allocation235,node26
485,0x001b2f78,node29,allocation318,node43
486,0x001b2f78,node29,allocation267,node48
487,0x001b2fa8,node29,allocation265,node38
488,0x001b2fb8,node29,allocation216,node05
489,0x001b2fc8,node29,allocation218,node09
490,0x001b2fd8,node29,allocation217,node01
491,0x001b2fe8,node29,allocation273,node17
492,0x001b2ff8,node29,allocation214,node56
493,0x001b3008,node29,allocation215,node35
494,0x001b3064,node30,allocation199,node21
495,0x001b3064,node30,allocation202,node21
496,0x001b3064,node30,allocation203,node21
497,0x001b3064,node30,allocation235,node26
498,0x001b30e0,node30,allocation318,node43
499,0x001b30e0,node30,allocation267,node48
500,0x001b3110,node30,allocation226,node05
501,0x001b3120,node30,allocation225,node11
502,0x001b3130,node30,allocation227,node01
503,0x001b3140,node30,allocation273,node17
504,0x001b3150,node30,allocation214,node56
505,0x001b3160,node30,allocation356,node37
506,0x001b3170,node30,allocation215,node36
507,0x001b31cc,node31,allocation199,node21
508,0x001b31cc,node31,allocation202,node21
509,0x001b31cc,node31,allocation203,node21
510,0x001b31cc,node31,allocation235,node26
511,0x001b3248,node31,allocation318,node43
512,0x001b3248,node31,allocation267,node48
513,0x001b3278,node31,allocation265,node38
514,0x001b3288,node31,allocation229,node05
515,0x001b3298,node31,allocation228,node10
516,0x001b32a8,node31,allocation230,node01
517,0x001b32b8,node31,allocation273,node17
518,0x001b32c8,node31,allocation214,node56
519,0x001b32d8,node31,allocation215,node34
520,0x001b3334,node32,allocation199,node21
521,0x001b3334,node32,allocation202,node21
522,0x001b3334,node32,allocation203,node21
523,0x001b3334,node32,allocation235,node26
524,0x001b33b0,node32,allocation318,node43
525,0x001b33b0,node32,allocation267,node48
526,0x001b33e0,node32,allocation265,node38
527,0x001b33f0,node32,allocation232,node05
528,0x001b3400,node32,allocation231,node10
529,0x001b3410,node32,allocation233,node01
530,0x001b3420,node32,allocation273,node17
531,0x001b3430,node32,allocation214,node56
532,0x001b3440,node32,allocation215,node35
533,0x001b349c,node40,allocation199,node21
534,0x001b349c,node40,allocation202,node21
535,0x001b349c,node40,allocation203,node21
536,0x001b349c,node40,allocation235,node26
537,0x001b3518,node40,allocation318,node43
538,0x001b3518,node40,allocation267,node48
539,0x001b3548,node40,allocation321,node12
540,0x001b3558,node40,allocation135,node05
541,0x001b3568,node40,allocation274,node17
542,0x001b3578,node40,allocation240,node04
543,0x001b3588,node40,allocation241,node12
544,0x001b3598,node40,allocation238,node01
545,0x001b35a8,node40,allocation237,node02
546,0x001b3604,node43,allocation199,node21
547,0x001b3604,node43,allocation202,node21
548,0x001b3604,node43,allocation203,node21
549,0x001b3604,node43,allocation235,node26
550,0x001b3634,node43,allocation321,node52
551,0x001b3644,node43,allocation326,node58
552,0x001b3654,node43,allocation268,node04
553,0x001b3664,node43,allocation366,node49
554,0x001b3674,node43,allocation308,node52
555,0x001b3684,node43,allocation309,node48
556,0x001b3694,node43,allocation317,node05
557,0x001b36f0,node47,allocation199,node21
558,0x001b36f0,node47,allocation202,node21
559,0x001b36f0,node47,allocation203,node21
560,0x001b36f0,node47,allocation235,node26
561,0x001b3720,node47,allocation326,node58
562,0x001b3730,node47,allocation268,node04
563,0x001b3740,node47,allocation366,node49
564,0x001b3750,node47,allocation308,node52
565,0x001b3760,node47,allocation309,node48
566,0x001b3770,node47,allocation317,node05
567,0x001b37cc,node49,allocation199,node21
568,0x001b37cc,node49,allocation202,node21
569,0x001b37cc,node49,allocation203,node21
570,0x001b37cc,node49,allocation235,node26
571,0x001b37fc,node49,allocation234,node51
572,0x001b380c,node49,allocation336,node43
573,0x001b381c,node49,allocation296,node43
574,0x001b3878,node50,allocation199,node21
575,0x001b3878,node50,allocation202,node21
576,0x001b3878,node50,allocation203,node21
577,0x001b3878,node50,allocation235,node26
578,0x001b38a8,node50,allocation234,node51
579,0x001b38b8,node50,allocation297,node43
580,0x001b3914,node51,allocation199,node21
581,0x001b3914,node51,allocation202,node21
582,0x001b3914,node51,allocation203,node21
583,0x001b3914,node51,allocation235,node26
584,0x001b3944,node51,allocation302,node49
585,0x001b3954,node51,allocation301,node43
586,0x001b3964,node51,allocation303,node43
587,0x001b3974,node51,allocation309,node48
588,0x001b39d0,node52,allocation199,node21
589,0x001b39d0,node52,allocation202,node21
590,0x001b39d0,node52,allocation203,node21
591,0x001b39d0,node52,allocation235,node26
592,0x001b3a00,node52,allocation173,node43
593,0x001b3a10,node52,allocation361,node43
594,0x001b3a20,node52,allocation365,node43
595,0x001b3a7c,node48,allocation199,node21
596,0x001b3a7c,node48,allocation202,node21
597,0x001b3a7c,node48,allocation203,node21
598,0x001b3a7c,node48,allocation235,node26
599,0x001b3aac,node48,allocation326,node58
600,0x001b3abc,node48,allocation314,node53
601,0x001b3acc,node48,allocation234,node53
602,0x001b3adc,node48,allocation366,node49
603,0x001b3aec,node48,allocation311,node43
604,0x001b3afc,node48,allocation317,node05
605,0x001b3b58,node53,allocation199,node21
606,0x001b3b58,node53,allocation202,node21
607,0x001b3b58,node53,allocation203,node21
608,0x001b3b58,node53,allocation235,node26
609,0x001b3b88,node53,allocation319,node43
610,0x001b3b98,node53,allocation234,node53
611,0x001b3ba8,node53,allocation315,node48
612,0x001b3bb8,node53,allocation360,node43
613,0x001b3bc8,node53,allocation325,node58
614,0x001b3bd8,node53,allocation164,node18
615,0x001b3be8,node53,allocation167,node06
616,0x001b3bf8,node53,allocation342,node59
617,0x001b3c08,node53,allocation271,node17
618,0x001b3c18,node53,allocation187,node04
619,0x001b3c28,node53,allocation236,node40
620,0x001b3c38,node53,allocation186,node01
621,0x001b3c48,node53,allocation322,node57
622,0x001b3c58,node53,allocation287,node55
623,0x001b3cb4,node54,allocation199,node21
624,0x001b3cb4,node54,allocation202,node21
625,0x001b3cb4,node54,allocation203,node21
626,0x001b3cb4,node54,allocation235,node26
627,0x001b3d30,node54,allocation318,node43
628,0x001b3d30,node54,allocation267,node48
629,0x001b3d60,node54,allocation321,node12
630,0x001b3d70,node54,allocation135,node05
631,0x001b3d80,node54,allocation270,node17
632,0x001b3d90,node54,allocation149,node04
633,0x001b3da0,node54,allocation162,node12
634,0x001b3db0,node54,allocation258,node02
635,0x001b3dc0,node54,allocation259,node01
636,0x001b3dd0,node54,allocation260,node01
637,0x001b3e2c,node55,allocation199,node21
638,0x001b3e2c,node55,allocation202,node21
639,0x001b3e2c,node55,allocation203,node21
640,0x001b3e2c,node55,allocation235,node26
641,0x001b3ea8,node55,allocation318,node43
642,0x001b3ea8,node55,allocation267,node48
643,0x001b3ed8,node55,allocation321,node12
644,0x001b3ee8,node55,allocation325,node58
645,0x001b3ef8,node55,allocation164,node18
646,0x001b3f08,node55,allocation167,node06
647,0x001b3f18,node55,allocation271,node17
648,0x001b3f28,node55,allocation187,node04
649,0x001b3f38,node55,allocation236,node40
650,0x001b3f48,node55,allocation186,node01
651,0x001b3f58,node55,allocation234,node39
652,0x001b3f68,node55,allocation322,node57
653,0x001b3f78,node55,allocation295,node05
654,0x001b3fd4,node56,allocation199,node21
655,0x001b3fd4,node56,allocation202,node21
656,0x001b3fd4,node56,allocation203,node21
657,0x001b3fd4,node56,allocation235,node26
658,0x001b4050,node56,allocation318,node43
659,0x001b4050,node56,allocation267,node48
660,0x001b4080,node56,allocation321,node12
661,0x001b4090,node56,allocation325,node58
662,0x001b40a0,node56,allocation164,node18
663,0x001b40b0,node56,allocation167,node06
664,0x001b40c0,node56,allocation342,node59
665,0x001b40d0,node56,allocation271,node17
666,0x001b40e0,node56,allocation187,node04
667,0x001b40f0,node56,allocation236,node40
668,0x001b4100,node56,allocation186,node01
669,0x001b4110,node56,allocation234,node39
670,0x001b4120,node56,allocation322,node57
671,0x001b4130,node56,allocation287,node55
672,0x001b418c,node08,allocation199,node21
673,0x001b418c,node08,allocation202,node21
674,0x001b418c,node08,allocation203,node21
675,0x001b418c,node08,allocation235,node26
676,0x001b4208,node08,allocation318,node43
677,0x001b4208,node08,allocation267,node48
678,0x001b4238,node08,allocation321,node12
679,0x001b4248,node08,allocation325,node58
680,0x001b4258,node08,allocation164,node18
681,0x001b4268,node08,allocation167,node06
682,0x001b4278,node08,allocation342,node59
683,0x001b4288,node08,allocation271,node17
684,0x001b4298,node08,allocation187,node04
685,0x001b42a8,node08,allocation236,node40
686,0x001b42b8,node08,allocation186,node01
687,0x001b42c8,node08,allocation234,node39
688,0x001b42d8,node08,allocation322,node57
689,0x001b42e8,node08,allocation287,node55
690,0x001b4344,node57,allocation199,node21
691,0x001b4344,node57,allocation202,node21
692,0x001b4344,node57,allocation203,node21
693,0x001b4344,node57,allocation235,node26
694,0x001b43c0,node57,allocation318,node43
695,0x001b43c0,node57,allocation267,node48
696,0x001b43f0,node57,allocation321,node12
697,0x001b4400,node57,allocation164,node18
698,0x001b4410,node57,allocation167,node06
699,0x001b4420,node57,allocation340,node40
700,0x001b4430,node57,allocation339,node01
701,0x001b4440,node57,allocation234,node39
702,0x001b4450,node57,allocation145,node05
703,0x001b4460,node58,allocation202,node21
704,0x001b4470,node58,allocation203,node21
705,0x001b4480,node58,allocation235,node26
706,0x001b4490,node58,allocation332,node43
707,0x001b44a0,node58,allocation333,node43
708,0x001b44b0,node58,allocation330,node02
709,0x001b44c0,node58,allocation331,node02
710,0x001b44d0,node58,allocation234,node39
711,0x001b44e0,node58,allocation159,node02
712,0x001b453c,node59,allocation199,node21
713,0x001b453c,node59,allocation202,node21
714,0x001b453c,node59,allocation203,node21
715,0x001b453c,node59,allocation235,node26
716,0x001b45b8,node59,allocation318,node43
717,0x001b45b8,node59,allocation267,node48
718,0x001b45e8,node59,allocation321,node12
719,0x001b45f8,node59,allocation135,node05
720,0x001b4608,node59,allocation237,node02
