sequence,store_site,object,offset,value
0,0x001a97ec,allocation000,0x0,player[0x00]
1,0x001a97f8,allocation000,0x4,player[0x1c]
2,0x001a9804,allocation000,0x8,player[0x60]
3,0x001a9810,allocation000,0xc,player[0x24]
4,0x001a981c,allocation000,0x10,player[0x14]
5,0x001a9828,allocation000,0x14,player[0x0c]
6,0x001a9834,allocation000,0x18,player[0x10]
7,0x001a9840,allocation000,0x1c,player[0x58]
8,0x001a984c,allocation000,0x20,player[0x78]
9,0x001aa1dc,allocation037,0x1c,player[0xb4]
10,0x001aa448,allocation048,0x0,0x003d58f4
11,0x001aa458,allocation048,0x0,0x003cd31c
12,0x001aa500,allocation051,0x0,0x003d58f4
13,0x001aa510,allocation051,0x0,0x003ce884
14,0x001aa68c,allocation058,0x0,0x003d58ac
15,0x001aa69c,allocation058,0x0,0x003ccc68
16,0x001aa764,allocation061,0x0,0x003d58ac
17,0x001aa774,allocation061,0x0,0x003ce240
18,0x001aa83c,allocation064,0x0,0x003d58ac
19,0x001aa84c,allocation064,0x0,0x003cbad4
20,0x001aa914,allocation067,0x0,0x003d58ac
21,0x001aa924,allocation067,0x0,0x003d11c4
22,0x001aa9ec,allocation070,0x0,0x003d58ac
23,0x001aa9fc,allocation070,0x0,0x003d14cc
24,0x001aaac4,allocation073,0x0,0x003d58ac
25,0x001aaad4,allocation073,0x0,0x003d119c
26,0x001aab9c,allocation076,0x0,0x003d595c
27,0x001aabac,allocation076,0x0,0x003d0718
28,0x001aac68,allocation079,0x0,0x003d595c
29,0x001aac78,allocation079,0x0,0x003d0ba0
30,0x001aad34,allocation082,0x0,0x003d595c
31,0x001aad44,allocation082,0x0,0x003d0344
32,0x001aae00,allocation085,0x0,0x003d595c
33,0x001aae10,allocation085,0x0,0x003d1924
34,0x001aaecc,allocation088,0x0,0x003d595c
35,0x001aaedc,allocation088,0x0,0x003d1b64
36,0x001ab498,allocation110,0x20,player[0xb4]
37,0x001ab8f8,allocation128,0x1c,player[0xb4]
38,0x001ab9fc,allocation134,0x0,0x003d1348
39,0x001aba08,allocation134,0x4,player[0x14]
40,0x001aba84,allocation136,0x0,0x003d1754
41,0x001aba90,allocation136,0x4,player[0x14]
42,0x001abb40,allocation139,0x0,0x003d1300
43,0x001abb4c,allocation139,0x4,player[0x00]
44,0x001abc58,allocation143,0x0,0x003d1984
45,0x001abc64,allocation143,0x4,player[0x0c]
46,0x001ad65c,allocation234,0x0,0x003d1a2c
47,0x001ad668,allocation234,0x4,player[0x20]
48,0x001ae7e0,allocation299,0x0,0x003d1c0c
49,0x001ae7ec,allocation299,0x4,player[0x0c]
50,0x001afaac,allocation367,0x0,allocation368
51,0x001afacc,allocation367,0x4,allocation369
52,0x001afad4,allocation367,0x8,0x00000005
53,0x001afae0,allocation367,0xc,0x00000000
54,0x001afb18,allocation368,0x0,allocation199
55,0x001afb2c,allocation369,0x0,node21
56,0x001afb40,allocation367,0xc,0x00000001
57,0x001afb64,allocation368,0x4,allocation202
58,0x001afb78,allocation369,0x4,node21
59,0x001afb8c,allocation367,0xc,0x00000002
60,0x001afbb0,allocation368,0x8,allocation203
61,0x001afbc4,allocation369,0x8,node21
62,0x001afbd8,allocation367,0xc,0x00000003
63,0x001afbfc,allocation368,0xc,allocation235
64,0x001afc10,allocation369,0xc,node26
65,0x001afc24,allocation367,0xc,0x00000004
66,0x001afc68,allocation370,0x0,allocation371
67,0x001afc88,allocation370,0x4,allocation372
68,0x001afc90,allocation370,0x8,0x00000002
69,0x001afc9c,allocation370,0xc,0x00000000
70,0x001afcd4,allocation371,0x0,allocation318
71,0x001afce8,allocation372,0x0,node43
72,0x001afcfc,allocation370,0xc,0x00000001
73,0x001afd20,allocation371,0x4,allocation267
74,0x001afd34,allocation372,0x4,node48
75,0x001afd48,allocation370,0xc,0x00000002
76,0x001b4644,allocation373,0x0,node02
