node,node_allocation_call,action,action_size,action_constructor,ordered_edge_count
node00,0x001a98b4,allocation001,0x28,0x00171a78,9
node01,0x001a9978,allocation003,0x44,0x001a46c8,16
node02,0x001a9a14,allocation005,0xc,0x00174c18,14
node03,0x001a9a8c,allocation007,0x20,0x001818fc,14
node04,0x001a9b28,allocation009,0x70,0x00173b5c,18
node05,0x001a9b94,allocation011,0x58,0x00171d64,18
node06,0x001a9c20,allocation013,0x30,0x00175344,11
node07,0x001a9cbc,allocation015,0x64,0x00197ef0,18
node08,0x001a9d2c,allocation017,0x5c,0x00197c64,18
node09,0x001a9d98,allocation019,0x10,0x00252124,19
node10,0x001a9e04,allocation021,0x10,0x00252124,16
node11,0x001a9e70,allocation023,0x10,0x00252124,15
node12,0x001a9ee0,allocation025,0x34,0x0019e5d4,16
node13,0x001a9f78,allocation027,0x64,0x0019dc48,16
node14,0x001a9fe0,allocation029,0x10,0x00196eb4,9
node15,0x001aa04c,allocation031,0x58,0x00196300,18
node16,0x001aa0bc,allocation033,0x5c,0x001963dc,18
node17,0x001aa12c,allocation035,0x5c,0x001b8b38,18
node18,0x001aa1a8,allocation037,0x30,0x0018eba4,12
node19,0x001aa224,allocation039,0x18,0x00181420,13
node20,0x001aa2a8,allocation041,0x20,0x0018a390,9
node21,0x001aa33c,allocation043,0x24,0x0019d950,0
node22,0x001aa3e0,allocation045,0x28,0x001b7200,0
node23,0x001aa498,allocation047,0xc,0x00196838,15
node24,0x001aa550,allocation050,0xc,0x00196838,15
node25,0x001aa5b8,allocation053,0x8,0x00197b90,18
node26,0x001aa624,allocation055,0xc,0x0018128c,0
node27,0x001aa6fc,allocation057,0x38,0x002520d4,13
node28,0x001aa7d4,allocation060,0x38,0x002520d4,13
node29,0x001aa8ac,allocation063,0x38,0x002520d4,13
node30,0x001aa984,allocation066,0x38,0x002520d4,13
node31,0x001aaa5c,allocation069,0x38,0x002520d4,13
node32,0x001aab34,allocation072,0x38,0x002520d4,13
node33,0x001aac00,allocation075,0x20,0x00252094,12
node34,0x001aaccc,allocation078,0x20,0x00252094,12
node35,0x001aad98,allocation081,0x20,0x00252094,11
node36,0x001aae64,allocation084,0x20,0x00252094,12
node37,0x001aaf30,allocation087,0x20,0x00252094,12
node38,0x001aaf9c,allocation090,0x14,0x0018f0f4,10
node39,0x001ab00c,allocation092,0x60,0x001a7fd4,18
node40,0x001ab074,allocation094,0x14,0x00173f0c,13
node41,0x001ab0e4,allocation096,0x1c,0x0019dd70,13
node42,0x001ab14c,allocation098,0x8,0x001749c8,10
node43,0x001ab1d0,allocation100,0x34,0x0019efb4,11
node44,0x001ab238,allocation102,0xc,0x00174840,0
node45,0x001ab274,allocation100,0x34,0x0019efb4,0
node46,0x001ab2ac,allocation102,0xc,0x00174840,0
node47,0x001ab37c,allocation106,0xc4,0x002d232c,10
node48,0x001ab3f8,allocation108,0x1c,0x001ba530,10
node49,0x001ab464,allocation110,0x28,0x001972ec,7
node50,0x001ab4d8,allocation112,0x10,0x00171cdc,6
node51,0x001ab540,allocation114,0x14,0x001a725c,8
node52,0x001ab5b8,allocation116,0x20,0x0019f5a4,7
node53,0x001ab624,allocation118,0x58,0x001974c0,18
node54,0x001ab68c,allocation120,0x8,0x001a4948,14
node55,0x001ab6fc,allocation122,0x60,0x001b9048,17
node56,0x001ab798,allocation124,0x70,0x001bae88,18
node57,0x001ab818,allocation126,0x7c,0x001b79ac,13
node58,0x001ab8c4,allocation128,0x38,0x001a79bc,9
node59,0x001ab938,allocation130,0x8,0x001a73b4,9
