address_point,observed_ABI_prefix,current_row_start,current_row_end,prefix_owner_start,prefix_owner_end,candidate_slots,candidate_end_before_next_prefix
0x003cbad4,0x003cbacc,0x003CBAD4,0x003CBAFC,0x003CBA3C,0x003CBAD4,"0x0032984c,0x00329894,0x00329864,0x003298cc,0x0032987c,0x003298b4,0x0032983c,0x003298e4",0x003cbaf4
0x003ccc68,0x003ccc60,0x003CCC68,0x003CCC90,0x003CCC40,0x003CCC68,"0x0032b004,0x0032b04c,0x0032b01c,0x0032b084,0x0032b034,0x0032b06c,0x0032afec,0x0032b09c",0x003ccc88
0x003cd31c,0x003cd314,0x003CD31C,0x003CD330,0x003CD284,0x003CD31C,"0x0032b38c,0x0032b35c,0x0032b374",0x003cd328
0x003ce240,0x003ce238,0x003CE240,0x003CE268,0x003CE1F0,0x003CE240,"0x0032c038,0x0032c080,0x0032c050,0x0032c0b8,0x0032c068,0x0032c0a0,0x0032c028,0x0032c0d0",0x003ce260
0x003ce884,0x003ce87c,0x003CE884,0x003CE898,0x003CE85C,0x003CE884,"0x0032c4fc,0x0032c4cc,0x0032c4e4",0x003ce890
0x003d0344,0x003d033c,0x003D0344,0x003D035C,0x003D02F4,0x003D0344,"0x0032de2c,0x0032de00,0x0032dde8,0x0032de18",0x003d0354
0x003d0718,0x003d0710,0x003D0718,0x003D0730,0x003D06F0,0x003D0718,"0x0032e1a0,0x0032e170,0x0032e158,0x0032e188",0x003d0728
0x003d0ba0,0x003d0b98,0x003D0BA0,0x003D0BB8,0x003D0B8C,0x003D0BA0,"0x0032e534,0x0032e504,0x0032e4ec,0x0032e51c",0x003d0bb0
0x003d119c,0x003d1194,0x003D119C,0x003D11C4,0x003D1184,0x003D119C,"0x0032ee00,0x0032ee48,0x0032ee18,0x0032ee80,0x0032ee30,0x0032ee68,0x0032ede8,0x0032ee98",0x003d11bc
0x003d11c4,0x003d11bc,0x003D11C4,0x003D11EC,0x003D119C,0x003D11C4,"0x0032eed0,0x0032ef18,0x0032eee8,0x0032ef50,0x0032ef00,0x0032ef38,0x0032eeb8,0x0032ef68",0x003d11e4
0x003d1300,0x003d12f8,0x003D1300,0x003D1318,0x003D12E8,0x003D1300,"0x00000000,0x00000000,0x001b9edc,0x0019d7b0",0x003d1310
0x003d1348,0x003d1340,0x003D1348,0x003D1360,0x003D1330,0x003D1348,"0x00000000,0x00000000,0x001b9f7c,0x0019d7b0",0x003d1358
0x003d14cc,0x003d14c4,0x003D14CC,0x003D14F4,0x003D148C,0x003D14CC,"0x0032f1e8,0x0032f230,0x0032f200,0x0032f268,0x0032f218,0x0032f250,0x0032f1d0,0x0032f280",0x003d14ec
0x003d1754,0x003d174c,0x003D1754,0x003D176C,0x003D173C,0x003D1754,"0x00000000,0x00000000,0x002d1f98,0x0019d7b0",0x003d1764
0x003d1924,0x003d191c,0x003D1924,0x003D193C,0x003D190C,0x003D1924,"0x00345438,0x00345408,0x003453f0,0x00345420",0x003d1934
0x003d1984,0x003d197c,0x003D1984,0x003D199C,0x003D196C,0x003D1984,"0x00000000,0x00000000,0x002d2c64,0x0019d7b0",0x003d1994
0x003d1a2c,0x003d1a24,0x003D1A2C,0x003D1A44,0x003D1A14,0x003D1A2C,"0x00000000,0x00000000,0x0026ea54,0x0019d7b0",0x003d1a3c
0x003d1b64,0x003d1b5c,0x003D1B64,0x003D1B7C,0x003D1B4C,0x003D1B64,"0x0034c9d4,0x0034c9a4,0x0034c98c,0x0034c9bc",0x003d1b74
0x003d1c0c,0x003d1c04,0x003D1C0C,0x003D1C24,0x003D1BF4,0x003D1C0C,"0x00000000,0x00000000,0x002d3c7c,0x0019d7b0",0x003d1c1c
0x003d58ac,0x003d58a4,0x003D58AC,0x003D58D4,0x003D589C,0x003D58AC,"0x00377da4,0x00377da4,0x00377da4,0x00377da4,0x00377da4,0x00377da4,0x00377da4,0x00377da4",0x003d58cc
0x003d58f4,0x003d58ec,0x003D58F4,0x003D5908,0x003D58E4,0x003D58F4,"0x00377da4,0x00377da4,0x00377da4",0x003d5900
0x003d595c,0x003d5954,0x003D595C,0x003D5974,0x003D594C,0x003D595C,"0x00377da4,0x00377da4,0x00377da4,0x00377da4",0x003d596c
